Edad,Genero,Calificacion_Previa,Horas_Estudio,Nivel_Socioeconomico,Rendimiento_Relativo,Indice_Vulnerabilidad,Desercion
23,Masculino,5.44,16,Medio,0.71,0.44,0
31,Masculino,6.41,3,Alto,0.84,0.33,0
27,Masculino,7.09,12,Bajo,0.96,0.88,1
24,Femenino,6.46,2,Bajo,0.84,1.0,1
23,Femenino,6.66,16,Bajo,0.94,0.79,0
35,Femenino,6.47,20,Medio,0.83,0.36,0
27,Femenino,5.21,5,Medio,0.56,0.62,1
27,Femenino,8.19,12,Medio,1.08,0.5,0
20,Masculino,7.99,6,Alto,0.81,0.3,0
24,Femenino,8.27,4,Medio,1.14,0.57,1
19,Masculino,5.96,14,Medio,0.72,0.39,1
18,Masculino,6.48,11,Medio,0.88,0.44,0
28,Masculino,8.1,12,Bajo,1.22,0.87,0
22,Femenino,8.0,19,Alto,0.97,0.13,0
18,Masculino,7.53,3,Bajo,1.11,1.0,0
17,Femenino,6.75,8,Bajo,0.86,0.97,1
28,Femenino,9.56,10,Medio,1.5,0.51,0
28,Masculino,6.7,11,Bajo,0.86,0.9,1
33,Femenino,7.28,19,Medio,0.89,0.45,0
26,Femenino,8.39,24,Medio,1.2,0.36,0
32,Masculino,7.72,8,Medio,0.98,0.58,0
31,Femenino,6.73,8,Medio,0.82,0.5,0
31,Femenino,7.18,4,Bajo,0.91,1.0,1
35,Femenino,8.97,13,Medio,1.19,0.48,0
28,Masculino,6.39,8,Medio,0.97,0.58,1
19,Masculino,5.71,18,Medio,0.61,0.4,0
21,Femenino,6.57,2,Medio,0.88,0.67,0
35,Femenino,9.25,6,Bajo,1.31,1.0,1
23,Femenino,5.44,17,Medio,0.74,0.43,1
25,Femenino,9.96,16,Bajo,1.5,0.76,0
23,Masculino,7.71,3,Alto,1.02,0.37,1
34,Femenino,9.92,10,Bajo,1.3,0.9,0
20,Femenino,9.69,8,Medio,1.37,0.54,0
30,Masculino,7.26,5,Bajo,0.98,0.99,0
34,Masculino,5.99,21,Bajo,0.77,0.8,1
25,Masculino,5.82,19,Medio,0.82,0.44,0
18,Femenino,6.2,22,Alto,0.77,0.1,0
31,Femenino,8.55,5,Medio,1.07,0.65,1
23,Femenino,6.36,14,Alto,0.8,0.09,1
28,Femenino,6.71,2,Medio,1.02,0.68,0
24,Masculino,7.24,25,Medio,0.65,0.43,0
31,Masculino,9.57,4,Bajo,1.33,1.0,1
19,Masculino,5.95,17,Medio,0.8,0.41,0
30,Masculino,5.03,23,Bajo,0.56,0.81,1
33,Femenino,5.3,5,Alto,0.73,0.34,1
20,Masculino,9.52,24,Alto,1.33,0.13,0
34,Femenino,8.24,17,Alto,1.16,0.06,1
24,Masculino,6.37,20,Medio,0.62,0.43,0
20,Femenino,5.89,2,Medio,0.89,0.65,1
18,Femenino,6.47,6,Medio,0.8,0.56,1
22,Femenino,5.57,20,Bajo,0.79,0.84,1
26,Masculino,9.71,23,Medio,1.39,0.39,0
20,Femenino,8.92,25,Bajo,1.09,0.83,0
34,Femenino,7.31,12,Medio,1.04,0.44,0
28,Femenino,9.32,14,Bajo,1.19,0.77,1
18,Masculino,6.25,21,Bajo,0.66,0.8,1
26,Masculino,8.59,6,Bajo,1.28,0.94,0
20,Masculino,9.28,22,Medio,1.14,0.43,0
30,Femenino,6.78,5,Medio,0.83,0.58,1
32,Masculino,8.79,5,Bajo,1.12,0.99,1
31,Femenino,6.48,5,Medio,0.89,0.56,0
24,Masculino,6.49,5,Bajo,0.86,0.98,1
30,Masculino,5.54,21,Medio,0.78,0.43,0
24,Femenino,7.2,22,Medio,0.83,0.37,0
32,Femenino,8.65,19,Medio,1.07,0.41,0
29,Femenino,9.7,19,Medio,1.28,0.44,0
34,Femenino,8.02,17,Bajo,1.27,0.82,0
31,Femenino,9.32,10,Medio,1.23,0.53,0
29,Masculino,9.11,19,Medio,1.35,0.36,0
25,Femenino,5.87,23,Medio,0.79,0.38,1
31,Femenino,7.43,3,Medio,0.94,0.68,1
29,Femenino,5.58,22,Bajo,0.73,0.82,1
17,Femenino,8.41,5,Medio,1.1,0.61,1
23,Masculino,9.75,13,Medio,1.38,0.46,1
25,Femenino,5.69,8,Bajo,0.86,0.93,0
17,Masculino,8.67,16,Bajo,1.2,0.75,1
28,Masculino,8.16,8,Bajo,1.22,0.97,1
24,Masculino,7.92,23,Alto,0.95,0.12,0
27,Masculino,6.95,22,Medio,0.89,0.4,0
35,Femenino,6.78,18,Bajo,0.84,0.84,0
33,Masculino,5.23,17,Bajo,0.72,0.78,0
24,Femenino,6.09,20,Medio,0.78,0.38,0
19,Femenino,5.08,10,Medio,0.73,0.54,1
19,Masculino,7.91,15,Bajo,0.96,0.83,0
17,Masculino,5.53,18,Bajo,0.74,0.8,1
21,Masculino,9.37,6,Alto,1.34,0.24,0
26,Femenino,7.62,3,Bajo,0.81,1.0,1
23,Femenino,8.5,21,Bajo,1.37,0.82,0
25,Masculino,7.05,17,Alto,0.91,0.09,0
23,Femenino,7.8,15,Medio,0.83,0.43,0
25,Masculino,9.71,15,Bajo,1.32,0.84,0
24,Masculino,5.41,2,Bajo,0.72,1.0,1
28,Femenino,6.27,4,Bajo,0.83,1.0,1
18,Femenino,8.9,8,Bajo,1.3,0.97,1
17,Femenino,5.49,16,Alto,0.79,0.09,1
32,Femenino,5.38,20,Medio,0.74,0.37,0
21,Masculino,6.81,21,Medio,0.95,0.35,0
19,Femenino,5.46,3,Alto,0.72,0.33,1
28,Masculino,7.93,20,Medio,1.25,0.44,0
24,Femenino,6.13,10,Bajo,0.7,0.87,0
19,Masculino,9.48,20,Medio,1.28,0.37,0
17,Femenino,8.92,6,Alto,1.2,0.33,0
19,Femenino,8.5,19,Medio,1.23,0.35,0
21,Femenino,8.08,17,Bajo,0.99,0.83,0
31,Masculino,9.32,5,Medio,1.03,0.58,1
30,Masculino,6.12,13,Medio,0.83,0.39,1
19,Masculino,9.37,8,Alto,1.28,0.28,1
17,Femenino,8.95,15,Bajo,1.37,0.76,1
21,Femenino,8.74,24,Medio,1.02,0.41,0
30,Femenino,7.81,13,Alto,1.16,0.12,0
23,Femenino,6.23,4,Medio,1.03,0.58,0
25,Femenino,7.12,6,Medio,0.91,0.53,0
31,Otro,8.97,18,Bajo,1.04,0.76,0
31,Masculino,5.16,11,Bajo,0.66,0.84,1
26,Masculino,8.91,11,Bajo,1.19,0.91,0
29,Masculino,6.2,12,Alto,0.87,0.16,1
35,Femenino,5.72,18,Bajo,0.72,0.78,0
23,Femenino,5.58,6,Medio,0.86,0.57,0
33,Masculino,5.14,14,Medio,0.61,0.46,1
20,Masculino,7.62,11,Bajo,0.84,0.92,1
21,Femenino,6.09,10,Medio,0.9,0.52,1
23,Femenino,9.95,18,Medio,1.02,0.44,0
29,Femenino,7.87,2,Alto,1.03,0.34,0
31,Femenino,5.69,5,Medio,1.0,0.59,0
27,Masculino,8.44,5,Medio,1.12,0.61,0
20,Masculino,9.49,19,Bajo,1.12,0.81,0
29,Femenino,8.73,10,Alto,1.16,0.2,0
23,Masculino,5.38,19,Bajo,0.71,0.79,1
35,Masculino,9.48,15,Medio,1.28,0.45,0
18,Femenino,8.97,16,Bajo,1.28,0.83,0
26,Femenino,5.79,7,Alto,0.69,0.25,0
29,Femenino,5.26,25,Medio,0.82,0.42,0
22,Femenino,7.79,11,Medio,1.06,0.46,0
28,Masculino,5.78,16,Bajo,0.83,0.76,1
28,Femenino,9.17,5,Medio,1.15,0.59,0
27,Masculino,6.79,19,Medio,1.02,0.39,0
23,Femenino,9.56,19,Medio,1.24,0.35,0
17,Femenino,7.83,18,Bajo,1.07,0.83,0
17,Femenino,5.91,13,Alto,0.71,0.13,1
29,Femenino,5.7,8,Alto,0.68,0.25,1
25,Femenino,7.88,17,Bajo,1.12,0.76,1
19,Masculino,8.81,12,Medio,1.12,0.43,0
23,Masculino,8.91,15,Medio,1.09,0.44,0
22,Masculino,6.38,4,Medio,0.8,0.63,0
24,Femenino,6.02,20,Bajo,0.86,0.85,1
25,Femenino,5.08,19,Medio,0.63,0.45,1
21,Femenino,8.4,11,Medio,1.11,0.47,0
17,Masculino,5.38,7,Medio,0.72,0.54,1
35,Femenino,7.1,14,Medio,0.77,0.46,0
26,Femenino,8.01,11,Medio,0.91,0.53,0
28,Masculino,9.69,19,Medio,1.34,0.41,0
31,Femenino,6.56,21,Bajo,0.81,0.83,0
25,Femenino,6.25,17,Alto,0.92,0.13,1
33,Femenino,8.27,7,Medio,1.21,0.55,0
33,Masculino,8.1,14,Bajo,1.16,0.83,0
28,Masculino,6.66,5,Bajo,1.05,1.0,1
23,Femenino,9.64,24,Medio,1.27,0.42,0
18,Femenino,9.22,15,Alto,1.31,0.05,0
19,Otro,6.12,2,Bajo,0.77,1.0,1
33,Masculino,6.2,21,Medio,1.03,0.36,1
21,Femenino,7.56,6,Bajo,1.21,0.95,1
33,Masculino,8.87,9,Medio,1.18,0.56,0
33,Femenino,5.22,13,Alto,0.72,0.09,0
33,Masculino,8.47,3,Medio,1.28,0.61,0
18,Masculino,8.24,13,Bajo,1.08,0.82,1
18,Femenino,6.16,6,Medio,0.77,0.59,0
21,Masculino,8.41,23,Bajo,1.22,0.8,0
17,Masculino,9.7,6,Medio,1.3,0.55,0
17,Masculino,5.23,14,Medio,0.71,0.39,0
35,Femenino,6.6,10,Medio,0.81,0.47,0
18,Femenino,7.19,11,Bajo,0.79,0.88,0
28,Femenino,9.5,2,Alto,1.3,0.34,0
22,Masculino,9.81,4,Medio,1.43,0.66,0
20,Femenino,7.22,19,Bajo,0.94,0.8,1
27,Masculino,8.75,13,Medio,1.33,0.4,0
33,Masculino,7.66,4,Medio,0.95,0.64,0
22,Femenino,7.69,10,Medio,0.92,0.48,0
21,Masculino,6.39,3,Medio,0.85,0.66,0
18,Femenino,6.08,4,Medio,0.8,0.6,1
22,Masculino,6.44,15,Bajo,0.92,0.81,1
27,Femenino,7.78,5,Medio,0.96,0.63,0
32,Femenino,5.15,20,Medio,0.78,0.44,1
32,Femenino,9.54,14,Bajo,1.52,0.8,0
17,Femenino,5.78,8,Medio,0.77,0.52,1
25,Masculino,6.1,13,Alto,0.91,0.14,0
22,Masculino,7.59,4,Alto,0.91,0.36,1
32,Masculino,8.55,24,Bajo,1.26,0.84,1
19,Femenino,5.48,24,Bajo,0.81,0.76,1
20,Femenino,6.59,10,Medio,0.95,0.46,0
35,Femenino,9.84,3,Bajo,1.31,1.0,0
19,Masculino,6.31,23,Alto,0.59,0.06,0
35,Masculino,6.57,10,Bajo,0.82,0.88,0
23,Femenino,9.18,13,Bajo,1.15,0.8,0
25,Femenino,5.25,13,Medio,0.63,0.45,1
17,Masculino,7.32,16,Bajo,0.99,0.84,0
24,Masculino,6.9,3,Medio,0.88,0.69,1
23,Masculino,6.58,19,Medio,0.8,0.39,0
34,Masculino,6.43,14,Bajo,0.77,0.83,1
24,Femenino,5.46,15,Bajo,0.68,0.84,1
17,Femenino,6.57,6,Medio,0.97,0.54,0
27,Masculino,5.22,11,Bajo,0.65,0.9,1
34,Masculino,8.9,13,Medio,1.13,0.43,0
26,Femenino,6.99,11,Medio,0.89,0.45,0
19,Masculino,7.22,25,Medio,1.0,0.39,0
23,Masculino,9.47,12,Alto,1.32,0.12,0
32,Masculino,8.29,3,Alto,0.77,0.36,0
32,Masculino,5.04,6,Alto,0.74,0.26,1
33,Femenino,9.72,8,Bajo,1.48,0.92,1
18,Masculino,6.19,7,Bajo,0.74,0.92,1
17,Masculino,5.54,23,Bajo,0.67,0.84,1
32,Masculino,8.84,24,Alto,1.13,0.1,0
28,Masculino,7.5,4,Alto,0.92,0.33,1
21,Masculino,7.17,14,Alto,0.98,0.13,0
21,Femenino,6.25,4,Bajo,0.67,1.0,0
25,Masculino,7.74,25,Alto,0.92,0.07,0
25,Masculino,6.37,22,Medio,0.98,0.42,0
19,Masculino,9.51,7,Bajo,1.15,0.92,1
35,Masculino,6.08,12,Medio,0.91,0.42,1
32,Masculino,9.42,18,Bajo,1.3,0.82,1
32,Femenino,7.8,11,Medio,0.85,0.45,0
19,Femenino,9.14,13,Bajo,1.3,0.82,0
17,Femenino,8.56,18,Medio,1.13,0.4,0
27,Femenino,8.48,5,Medio,1.08,0.59,0
33,Masculino,6.62,3,Alto,0.9,0.36,1
24,Masculino,6.17,12,Medio,0.86,0.47,0
20,Femenino,6.05,8,Medio,0.86,0.55,0
22,Femenino,9.29,3,Medio,1.38,0.66,1
24,Masculino,9.1,19,Alto,1.26,0.08,0
19,Femenino,7.2,22,Bajo,0.83,0.78,1
32,Femenino,5.66,5,Medio,0.72,0.59,1
19,Femenino,6.91,9,Bajo,1.19,0.9,0
34,Femenino,8.1,21,Bajo,1.16,0.85,0
30,Femenino,7.27,15,Medio,1.2,0.43,1
34,Femenino,8.9,13,Alto,1.35,0.11,0
18,Femenino,9.99,23,Bajo,1.36,0.75,0
19,Masculino,5.96,22,Medio,0.82,0.35,0
32,Femenino,7.3,19,Alto,0.97,0.07,0
25,Masculino,7.15,12,Alto,0.79,0.12,0
20,Femenino,6.52,9,Bajo,0.87,0.92,1
17,Femenino,5.99,3,Alto,0.9,0.38,1
20,Masculino,5.33,16,Bajo,0.67,0.82,1
17,Femenino,9.44,10,Medio,1.31,0.47,0
30,Femenino,7.1,20,Bajo,1.03,0.79,1
32,Masculino,7.48,21,Bajo,0.91,0.8,0
24,Masculino,9.58,9,Medio,1.22,0.55,0
23,Femenino,8.88,20,Medio,1.06,0.43,0
19,Femenino,5.65,6,Bajo,0.69,1.0,1
33,Masculino,7.83,12,Bajo,0.91,0.86,0
17,Femenino,7.21,16,Medio,0.87,0.42,1
32,Masculino,8.99,9,Bajo,1.37,0.88,0
28,Masculino,8.62,20,Medio,1.04,0.41,1
35,Masculino,8.45,24,Bajo,1.14,0.77,0
30,Femenino,6.7,9,Bajo,0.85,0.91,0
22,Masculino,9.02,20,Bajo,1.34,0.81,0
22,Masculino,5.26,19,Medio,0.79,0.38,1
29,Femenino,5.8,11,Bajo,0.84,0.84,1
35,Femenino,6.68,8,Bajo,0.92,0.89,0
24,Masculino,5.38,10,Alto,0.7,0.15,1
18,Femenino,6.17,2,Medio,0.72,0.61,1
17,Femenino,9.15,20,Bajo,1.46,0.76,0
31,Femenino,9.74,6,Medio,1.2,0.55,0
17,Masculino,6.52,20,Alto,0.93,0.07,0
21,Masculino,6.32,2,Bajo,0.93,1.0,1
32,Masculino,6.4,16,Bajo,0.81,0.78,0
35,Femenino,6.39,17,Medio,0.94,0.36,1
20,Femenino,5.18,24,Medio,0.74,0.4,0
19,Masculino,9.63,8,Medio,1.51,0.58,0
33,Femenino,6.07,13,Bajo,0.77,0.86,1
33,Femenino,7.1,9,Bajo,0.82,0.9,0
28,Masculino,5.05,6,Medio,0.64,0.59,1
30,Otro,9.29,11,Bajo,1.26,0.9,1
22,Masculino,8.66,22,Medio,1.16,0.42,0
19,Masculino,9.73,6,Medio,1.25,0.6,0
25,Masculino,8.91,18,Bajo,0.96,0.84,1
21,Femenino,6.57,6,Alto,0.92,0.32,0
33,Masculino,6.24,23,Medio,1.0,0.41,1
30,Masculino,8.49,16,Medio,1.18,0.39,0
19,Femenino,6.82,14,Bajo,0.96,0.83,0
17,Masculino,7.83,2,Bajo,1.1,1.0,1
17,Masculino,5.03,12,Medio,0.7,0.41,1
19,Masculino,5.31,24,Bajo,0.77,0.85,1
34,Masculino,7.68,2,Alto,1.06,0.33,0
26,Masculino,7.83,12,Bajo,1.01,0.86,0
19,Masculino,8.76,19,Medio,1.08,0.44,0
24,Femenino,5.66,19,Bajo,0.74,0.77,0
30,Masculino,7.57,22,Medio,1.04,0.4,0
34,Femenino,5.97,17,Bajo,0.77,0.76,0
31,Femenino,5.47,14,Medio,0.75,0.41,0
18,Femenino,7.05,8,Bajo,0.98,0.91,0
26,Femenino,5.82,2,Alto,0.84,0.35,1
18,Femenino,6.11,17,Bajo,0.92,0.79,0
33,Masculino,6.59,2,Alto,0.89,0.41,0
24,Masculino,6.3,18,Medio,0.73,0.45,0
17,Masculino,5.44,7,Bajo,0.7,0.92,1
25,Femenino,5.45,3,Medio,0.73,0.66,1
27,Masculino,5.97,18,Bajo,0.65,0.76,1
32,Masculino,5.25,7,Alto,0.8,0.21,1
23,Masculino,8.13,15,Medio,1.1,0.36,0
26,Femenino,6.44,19,Bajo,0.89,0.85,0
19,Femenino,6.4,7,Bajo,0.97,1.0,1
34,Femenino,6.66,11,Bajo,0.83,0.85,1
29,Femenino,8.31,25,Alto,1.17,0.07,0
23,Femenino,9.35,19,Bajo,1.23,0.77,0
20,Masculino,8.8,10,Medio,1.15,0.5,0
29,Femenino,8.64,9,Medio,1.06,0.53,0
17,Femenino,7.42,11,Alto,1.15,0.15,0
24,Femenino,8.47,18,Bajo,1.09,0.83,0
30,Femenino,7.76,24,Medio,1.11,0.38,0
32,Femenino,6.08,7,Medio,0.66,0.6,1
30,Femenino,6.04,15,Medio,0.9,0.42,1
28,Femenino,6.48,23,Bajo,0.95,0.79,0
35,Masculino,9.55,23,Bajo,1.29,0.83,1
31,Masculino,7.74,7,Bajo,1.01,0.99,0
18,Femenino,8.67,8,Medio,1.2,0.52,0
18,Femenino,6.73,13,Bajo,1.1,0.82,0
35,Masculino,7.04,4,Medio,0.77,0.66,1
33,Femenino,5.63,15,Bajo,0.81,0.77,1
26,Femenino,5.86,23,Alto,0.71,0.05,1
22,Masculino,9.14,20,Alto,1.22,0.1,0
31,Femenino,7.92,24,Medio,1.03,0.43,0
27,Masculino,6.69,17,Bajo,0.85,0.83,0
21,Masculino,9.01,8,Bajo,1.2,0.98,0
17,Femenino,6.23,9,Bajo,0.74,0.92,1
24,Femenino,9.88,19,Bajo,1.45,0.76,0
28,Masculino,6.72,14,Medio,0.74,0.43,0
28,Femenino,6.69,22,Medio,0.94,0.43,0
21,Femenino,6.56,10,Alto,0.85,0.16,0
23,Masculino,5.61,11,Bajo,0.66,0.85,1
20,Masculino,5.56,22,Medio,0.76,0.35,1
22,Femenino,8.24,24,Medio,0.93,0.41,0
29,Masculino,9.38,10,Medio,1.26,0.54,0
31,Femenino,8.95,16,Bajo,1.02,0.82,1
19,Masculino,5.71,21,Medio,0.8,0.45,1
24,Masculino,7.73,3,Medio,0.94,0.6,1
32,Masculino,5.53,14,Medio,0.7,0.46,0
29,Femenino,5.23,3,Alto,0.72,0.37,1
34,Masculino,8.28,20,Bajo,1.02,0.78,0
26,Femenino,7.68,3,Bajo,1.02,1.0,1
35,Masculino,5.41,4,Medio,0.61,0.6,1
33,Femenino,5.17,7,Medio,0.73,0.6,0
35,Femenino,9.95,4,Bajo,1.56,1.0,0
21,Femenino,5.15,11,Medio,0.88,0.51,1
25,Masculino,7.22,25,Alto,0.97,0.11,0
28,Masculino,7.52,7,Alto,1.08,0.22,0
17,Femenino,5.59,24,Bajo,0.61,0.8,1
17,Femenino,5.85,17,Alto,0.9,0.09,0
31,Masculino,6.76,18,Medio,0.97,0.43,0
18,Femenino,8.81,20,Medio,1.12,0.43,0
32,Femenino,7.54,4,Medio,1.13,0.66,0
24,Masculino,8.19,19,Medio,1.06,0.35,0
29,Masculino,9.93,8,Medio,1.26,0.57,0
17,Masculino,8.84,10,Bajo,1.23,0.94,0
32,Femenino,7.17,21,Medio,0.85,0.43,0
23,Femenino,7.23,13,Medio,1.06,0.4,0
21,Masculino,8.09,6,Bajo,0.96,0.94,0
19,Masculino,8.33,4,Alto,0.99,0.27,1
28,Masculino,7.5,12,Medio,0.91,0.47,0
32,Masculino,8.22,5,Medio,1.18,0.61,0
35,Femenino,5.12,6,Bajo,0.64,1.0,1
21,Masculino,7.15,2,Medio,0.82,0.65,0
30,Femenino,6.39,19,Bajo,0.8,0.78,1
21,Femenino,5.65,13,Bajo,0.75,0.85,0
31,Masculino,5.5,14,Medio,0.65,0.45,1
33,Femenino,8.02,10,Medio,0.95,0.54,1
30,Femenino,7.62,3,Medio,1.23,0.67,0
21,Masculino,6.27,6,Bajo,0.76,0.97,1
28,Femenino,7.35,14,Medio,0.95,0.43,0
32,Masculino,7.46,17,Bajo,0.96,0.84,0
32,Femenino,5.98,17,Alto,0.76,0.1,1
23,Masculino,8.26,25,Medio,1.17,0.37,0
20,Femenino,8.9,4,Medio,1.3,0.59,0
17,Femenino,8.96,23,Bajo,1.16,0.75,1
21,Masculino,8.01,5,Bajo,0.94,1.0,1
26,Masculino,7.56,12,Alto,1.14,0.12,0
21,Femenino,5.31,24,Bajo,0.7,0.77,1
20,Femenino,6.44,15,Medio,1.01,0.38,1
18,Masculino,5.47,4,Medio,0.57,0.63,1
26,Masculino,9.82,17,Bajo,1.33,0.79,0
35,Masculino,5.68,23,Medio,0.9,0.42,0
17,Masculino,5.76,16,Medio,0.74,0.36,0
21,Femenino,9.45,11,Bajo,1.23,0.84,1
29,Femenino,9.72,10,Bajo,1.33,0.9,0
20,Masculino,8.83,12,Bajo,1.11,0.84,0
32,Femenino,5.03,17,Alto,0.65,0.08,0
32,Femenino,5.01,11,Medio,0.65,0.44,0
18,Masculino,6.89,18,Bajo,0.86,0.84,1
33,Masculino,5.72,20,Bajo,0.86,0.82,0
28,Masculino,5.09,3,Medio,0.71,0.6,1
34,Masculino,7.32,25,Medio,1.0,0.36,0
19,Masculino,9.72,24,Medio,1.4,0.45,0
17,Femenino,6.62,3,Bajo,0.86,1.0,0
17,Femenino,8.31,7,Bajo,1.02,0.95,0
35,Femenino,8.26,20,Medio,1.03,0.42,0
27,Femenino,6.26,9,Alto,0.83,0.25,1
21,Masculino,8.25,4,Bajo,0.98,1.0,0
28,Femenino,6.06,15,Medio,0.77,0.4,1
19,Femenino,5.61,17,Medio,0.71,0.39,0
17,Femenino,8.51,2,Medio,1.38,0.61,1
17,Femenino,5.57,22,Bajo,0.54,0.84,0
24,Femenino,9.98,4,Medio,1.31,0.63,1
26,Femenino,5.92,23,Medio,0.93,0.37,0
27,Femenino,7.97,19,Medio,1.08,0.44,0
28,Femenino,7.06,10,Bajo,1.01,0.94,0
29,Femenino,5.63,7,Bajo,0.76,1.0,1
28,Masculino,5.14,24,Bajo,0.64,0.84,0
30,Femenino,8.11,22,Medio,0.84,0.45,0
18,Femenino,9.03,2,Bajo,1.23,1.0,0
35,Masculino,9.21,22,Medio,1.13,0.43,0
34,Femenino,7.41,11,Bajo,0.91,0.91,1
19,Masculino,8.89,7,Medio,1.13,0.53,1
33,Masculino,8.36,24,Medio,1.31,0.36,0
24,Femenino,8.62,13,Bajo,1.43,0.89,1
26,Masculino,7.46,5,Bajo,1.02,0.98,1
18,Femenino,8.17,14,Bajo,1.04,0.86,1
35,Masculino,9.03,18,Medio,1.06,0.35,1
25,Femenino,6.99,9,Medio,0.98,0.47,1
23,Masculino,9.03,21,Bajo,1.42,0.8,0
20,Femenino,7.96,4,Medio,1.04,0.59,0
34,Femenino,5.83,13,Bajo,0.59,0.86,1
29,Masculino,5.12,8,Bajo,0.73,0.95,0
27,Femenino,6.81,13,Bajo,1.0,0.8,1
20,Femenino,7.73,3,Alto,0.87,0.31,0
20,Masculino,9.2,25,Bajo,1.25,0.79,0
26,Masculino,5.64,15,Bajo,0.79,0.77,1
21,Femenino,9.0,23,Bajo,1.19,0.83,0
25,Masculino,9.32,24,Bajo,1.14,0.79,0
19,Masculino,5.75,6,Medio,0.84,0.54,1
33,Masculino,9.26,10,Bajo,1.18,0.9,0
19,Femenino,9.96,22,Bajo,1.13,0.76,1
32,Masculino,8.63,12,Medio,0.91,0.42,0
20,Femenino,8.92,6,Bajo,1.34,0.95,1
34,Masculino,9.97,4,Medio,1.41,0.66,1
33,Femenino,8.03,18,Medio,1.08,0.44,0
23,Femenino,6.54,3,Bajo,0.83,1.0,0
21,Masculino,9.19,25,Medio,1.16,0.38,1
28,Femenino,8.07,2,Bajo,0.96,1.0,1
33,Otro,7.91,8,Medio,1.01,0.54,0
29,Masculino,6.27,15,Medio,0.66,0.42,0
19,Masculino,8.78,6,Bajo,1.08,1.0,0
25,Femenino,5.41,20,Medio,0.7,0.36,0
33,Masculino,9.62,12,Alto,1.36,0.11,0
33,Femenino,6.63,24,Alto,0.88,0.12,0
32,Femenino,5.64,3,Medio,0.81,0.67,0
29,Masculino,7.21,9,Medio,1.09,0.55,0
35,Femenino,5.21,10,Bajo,0.77,0.92,1
33,Femenino,8.42,4,Bajo,1.18,1.0,1
20,Masculino,9.51,3,Medio,1.27,0.64,0
28,Femenino,9.19,8,Bajo,1.11,0.98,1
25,Femenino,5.64,6,Alto,0.81,0.33,1
35,Masculino,5.63,22,Bajo,0.88,0.83,1
28,Femenino,9.07,6,Bajo,1.25,0.96,0
25,Masculino,9.62,21,Bajo,1.53,0.77,1
23,Masculino,7.3,14,Medio,0.82,0.42,0
30,Masculino,7.49,22,Medio,0.88,0.4,0
35,Masculino,6.59,21,Medio,0.95,0.44,0
31,Femenino,9.47,7,Bajo,1.3,0.92,0
32,Femenino,8.22,21,Medio,1.24,0.38,0
21,Masculino,6.44,19,Bajo,0.86,0.83,1
19,Masculino,6.49,3,Alto,0.79,0.3,1
28,Masculino,9.46,7,Medio,1.23,0.54,0
20,Femenino,5.07,10,Bajo,0.57,0.89,1
32,Femenino,6.61,4,Medio,0.78,0.63,0
23,Femenino,7.77,2,Medio,1.14,0.63,0
29,Masculino,5.74,2,Bajo,0.83,1.0,1
26,Femenino,5.46,20,Alto,0.75,0.09,0
23,Masculino,9.08,6,Medio,1.0,0.62,0
30,Masculino,9.47,14,Bajo,1.22,0.82,1
21,Femenino,9.12,20,Bajo,1.07,0.78,1
19,Masculino,9.49,13,Medio,1.41,0.4,0
27,Femenino,7.77,17,Medio,0.98,0.35,0
27,Masculino,9.06,20,Medio,1.08,0.4,0
34,Masculino,6.92,4,Medio,0.93,0.58,1
31,Masculino,8.33,13,Medio,1.04,0.43,0
28,Masculino,9.94,6,Alto,1.52,0.29,0
25,Femenino,6.13,3,Medio,0.76,0.62,1
26,Femenino,6.95,23,Medio,0.8,0.37,0
28,Masculino,7.4,8,Bajo,0.77,0.97,1
33,Femenino,5.69,14,Bajo,0.76,0.86,1
22,Femenino,5.41,16,Bajo,0.68,0.76,1
23,Femenino,9.15,23,Medio,1.05,0.37,0
30,Masculino,9.88,4,Alto,1.47,0.37,1
29,Femenino,7.02,22,Bajo,1.0,0.75,1
24,Masculino,5.44,21,Bajo,0.72,0.85,0
26,Otro,5.33,6,Alto,0.81,0.23,1
25,Femenino,9.46,25,Bajo,1.34,0.84,0
34,Femenino,7.32,9,Medio,0.9,0.5,0
18,Femenino,6.6,23,Medio,0.79,0.44,0
21,Masculino,7.38,2,Medio,1.06,0.64,0
21,Femenino,6.59,9,Bajo,0.91,0.94,1
22,Femenino,7.45,25,Bajo,1.01,0.76,1
35,Femenino,9.3,19,Medio,1.14,0.37,0
24,Masculino,7.96,21,Alto,1.13,0.13,0
32,Femenino,8.47,17,Medio,1.04,0.4,0
29,Masculino,6.82,19,Bajo,0.9,0.84,0
17,Masculino,8.69,21,Medio,1.33,0.39,0
33,Femenino,8.33,13,Alto,1.04,0.18,0
23,Masculino,5.6,14,Medio,0.63,0.41,0
29,Femenino,7.86,14,Alto,0.94,0.17,0
20,Masculino,6.28,11,Bajo,0.92,0.93,0
20,Masculino,9.02,8,Bajo,1.23,0.92,0
22,Masculino,7.13,15,Medio,0.94,0.44,0
35,Femenino,9.97,25,Medio,1.26,0.43,0
28,Femenino,5.46,17,Bajo,0.76,0.77,1
23,Femenino,8.9,16,Bajo,1.09,0.81,1
26,Femenino,8.37,13,Medio,1.15,0.4,0
35,Femenino,8.84,10,Bajo,1.09,0.93,1
23,Femenino,6.54,9,Bajo,0.79,0.89,0
19,Femenino,7.46,19,Medio,0.93,0.36,0
29,Femenino,8.98,24,Medio,1.15,0.39,0
29,Masculino,6.16,19,Medio,0.82,0.41,1
34,Femenino,6.13,14,Bajo,0.84,0.86,1
24,Femenino,7.76,19,Medio,0.65,0.45,0
25,Femenino,7.62,16,Medio,0.93,0.39,0
23,Femenino,6.41,5,Medio,0.82,0.56,1
17,Masculino,6.49,18,Medio,1.0,0.42,0
19,Femenino,6.39,6,Bajo,0.76,0.99,1
29,Masculino,8.86,23,Bajo,1.2,0.79,1
33,Masculino,8.26,17,Bajo,1.27,0.78,1
17,Masculino,9.16,10,Bajo,1.06,0.9,0
22,Masculino,9.88,11,Medio,1.37,0.46,0
22,Masculino,7.37,25,Medio,0.9,0.43,0
28,Masculino,5.33,19,Medio,0.67,0.4,1
29,Masculino,5.24,18,Medio,0.64,0.44,0
29,Masculino,6.48,19,Bajo,0.8,0.8,1
31,Masculino,9.66,8,Medio,1.64,0.51,0
32,Masculino,7.62,5,Bajo,1.1,1.0,1
27,Masculino,6.36,6,Bajo,0.94,0.99,1
21,Femenino,7.0,24,Bajo,0.98,0.77,1
20,Femenino,7.99,17,Medio,0.89,0.41,1
19,Femenino,8.26,4,Alto,1.14,0.31,1
35,Femenino,5.77,19,Bajo,0.85,0.83,1
34,Femenino,9.89,24,Bajo,1.21,0.8,1
31,Femenino,7.72,22,Medio,1.13,0.42,0
25,Masculino,5.68,15,Bajo,0.81,0.76,1
33,Femenino,9.47,16,Medio,1.5,0.39,1
30,Masculino,5.37,18,Medio,0.69,0.45,1
31,Femenino,9.54,2,Alto,1.13,0.39,0
17,Femenino,9.98,22,Medio,1.28,0.37,1
19,Masculino,8.5,18,Medio,1.3,0.38,0
32,Masculino,8.85,24,Medio,0.96,0.38,0
27,Femenino,6.69,12,Medio,0.71,0.48,0
28,Masculino,9.71,18,Medio,1.31,0.43,0
26,Masculino,7.65,15,Bajo,0.97,0.82,1
32,Femenino,8.66,21,Medio,1.16,0.4,0
24,Femenino,9.62,20,Medio,1.4,0.43,0
22,Masculino,9.88,22,Medio,1.24,0.39,0
28,Masculino,9.17,8,Medio,0.99,0.5,0
24,Masculino,6.52,25,Medio,1.05,0.41,0
20,Masculino,9.83,14,Bajo,1.18,0.87,0
24,Femenino,8.14,19,Medio,0.97,0.43,0
34,Femenino,9.65,24,Medio,1.43,0.41,0
21,Femenino,8.38,15,Alto,1.07,0.11,0
25,Masculino,6.54,2,Alto,0.87,0.4,0
20,Masculino,6.85,8,Bajo,0.96,0.93,0
33,Masculino,7.75,9,Medio,1.15,0.5,0
25,Femenino,8.95,19,Bajo,1.15,0.85,1
17,Femenino,6.59,10,Bajo,1.01,0.94,0
29,Femenino,7.9,2,Medio,0.83,0.64,1
32,Masculino,6.73,23,Bajo,0.97,0.8,0
29,Masculino,9.08,18,Medio,1.11,0.39,0
30,Femenino,7.33,20,Bajo,1.11,0.76,1
19,Masculino,5.38,7,Bajo,0.73,1.0,0
22,Femenino,5.83,4,Medio,0.73,0.61,1
34,Masculino,5.31,25,Medio,0.75,0.44,0
35,Femenino,7.5,6,Alto,1.09,0.25,0
21,Masculino,5.53,3,Medio,0.78,0.64,1
31,Femenino,5.57,21,Medio,0.67,0.35,1
18,Masculino,9.71,5,Bajo,1.23,1.0,1
26,Femenino,9.36,11,Bajo,1.25,0.89,1
34,Femenino,7.26,11,Bajo,0.96,0.89,0
29,Femenino,9.93,25,Medio,1.42,0.36,0
21,Femenino,5.0,22,Medio,0.53,0.37,1
17,Femenino,8.07,12,Medio,1.11,0.42,0
17,Masculino,8.08,17,Medio,1.05,0.38,0
34,Femenino,7.29,18,Medio,0.89,0.41,0
31,Masculino,6.98,17,Bajo,0.86,0.81,1
33,Masculino,7.28,8,Bajo,0.95,0.95,1
27,Masculino,7.07,17,Medio,0.6,0.4,0
33,Femenino,8.65,4,Medio,1.07,0.6,0
29,Femenino,5.68,17,Alto,0.69,0.07,1
17,Masculino,5.99,9,Bajo,0.84,0.88,1
18,Masculino,5.9,13,Alto,0.72,0.17,0
25,Femenino,6.31,4,Bajo,0.82,1.0,1
19,Femenino,7.63,18,Bajo,1.17,0.77,0
17,Femenino,5.56,22,Alto,0.82,0.07,0
32,Masculino,9.34,19,Bajo,1.36,0.84,0
22,Femenino,6.49,12,Medio,0.82,0.48,0
33,Femenino,5.81,5,Bajo,0.82,1.0,1
21,Masculino,8.38,17,Medio,1.09,0.39,0
21,Femenino,5.19,18,Alto,0.68,0.08,0
22,Femenino,8.1,10,Bajo,1.12,0.95,1
19,Masculino,8.49,7,Medio,1.06,0.59,0
21,Masculino,6.07,25,Bajo,0.93,0.78,1
21,Femenino,5.21,21,Medio,0.68,0.43,1
26,Femenino,6.82,3,Bajo,0.97,1.0,1
26,Femenino,5.49,10,Bajo,0.84,0.88,1
35,Femenino,5.58,22,Bajo,0.82,0.79,0
33,Masculino,6.27,7,Bajo,0.72,0.93,1
30,Femenino,6.48,4,Alto,0.9,0.28,0
25,Femenino,7.65,21,Bajo,1.11,0.82,0
30,Femenino,8.39,7,Bajo,1.22,0.94,1
17,Masculino,7.96,8,Medio,0.94,0.57,0
35,Masculino,5.74,2,Bajo,0.72,1.0,1
29,Masculino,5.86,24,Medio,0.86,0.36,1
29,Femenino,9.39,2,Alto,1.16,0.36,0
20,Masculino,7.79,6,Medio,1.01,0.61,1
17,Masculino,9.35,7,Alto,1.44,0.29,0
33,Femenino,6.86,14,Medio,0.91,0.45,1
24,Femenino,8.07,3,Bajo,1.0,1.0,0
18,Femenino,7.62,16,Medio,0.93,0.4,0
24,Femenino,6.6,16,Medio,0.91,0.41,0
23,Femenino,7.35,14,Medio,0.85,0.47,0
18,Femenino,7.51,15,Alto,0.98,0.08,0
19,Femenino,6.0,23,Medio,0.83,0.44,0
34,Masculino,6.58,8,Alto,0.99,0.22,0
28,Femenino,8.96,15,Medio,1.27,0.45,0
17,Masculino,9.58,25,Medio,1.19,0.42,0
28,Masculino,6.8,11,Medio,1.01,0.48,0
21,Masculino,6.53,18,Bajo,0.84,0.81,1
33,Masculino,5.98,15,Alto,0.7,0.08,1
32,Femenino,8.39,9,Medio,1.1,0.5,0
31,Masculino,6.62,5,Bajo,1.01,0.96,1
31,Femenino,9.94,17,Bajo,1.35,0.76,0
21,Femenino,6.63,25,Medio,0.89,0.38,0
30,Masculino,6.97,14,Bajo,1.08,0.85,1
18,Femenino,8.02,23,Bajo,0.92,0.81,1
27,Femenino,9.01,21,Medio,1.05,0.36,0
35,Masculino,7.35,19,Bajo,0.82,0.84,0
23,Masculino,7.11,15,Medio,0.98,0.41,0
22,Masculino,9.98,19,Bajo,1.35,0.85,0
18,Femenino,5.05,6,Bajo,0.78,1.0,1
22,Masculino,9.48,10,Medio,1.29,0.47,0
34,Femenino,5.75,4,Medio,0.74,0.62,1
18,Masculino,8.93,9,Bajo,1.19,0.93,0
34,Masculino,8.09,21,Bajo,1.09,0.75,0
31,Masculino,6.71,23,Medio,0.75,0.35,0
35,Masculino,9.37,11,Bajo,1.59,0.84,1
18,Femenino,5.06,23,Bajo,0.71,0.78,1
22,Masculino,6.13,20,Bajo,0.83,0.79,1
17,Masculino,7.83,22,Medio,1.11,0.4,0
31,Femenino,6.76,4,Medio,0.97,0.58,0
26,Masculino,8.05,12,Medio,1.06,0.48,0
35,Femenino,5.12,12,Medio,0.64,0.47,0
33,Masculino,5.58,18,Medio,0.79,0.38,0
21,Masculino,5.64,17,Medio,0.78,0.35,0
20,Masculino,5.95,8,Medio,0.73,0.5,0
26,Femenino,7.3,5,Bajo,1.11,0.99,0
33,Masculino,8.76,24,Medio,1.2,0.37,1
26,Masculino,9.53,20,Medio,1.36,0.39,0
33,Masculino,9.18,13,Medio,1.39,0.45,1
21,Femenino,5.98,16,Bajo,0.8,0.8,1
18,Femenino,7.21,12,Bajo,0.99,0.83,1
22,Masculino,6.0,6,Medio,0.86,0.56,1
18,Femenino,6.32,6,Medio,0.78,0.59,1
29,Masculino,7.52,16,Alto,1.01,0.14,0
27,Masculino,5.34,19,Bajo,0.72,0.83,0
27,Masculino,6.09,12,Medio,0.73,0.47,1
32,Masculino,9.68,13,Medio,1.59,0.43,0
27,Femenino,7.33,3,Alto,0.84,0.33,0
35,Femenino,7.23,21,Medio,0.84,0.44,1
31,Femenino,5.07,16,Medio,0.76,0.35,0
32,Femenino,6.24,21,Medio,0.89,0.45,0
27,Femenino,9.33,5,Medio,1.12,0.62,0
32,Masculino,5.82,23,Alto,0.82,0.12,0
24,Masculino,7.08,19,Bajo,1.08,0.75,1
20,Masculino,5.07,7,Bajo,0.67,0.97,1
24,Masculino,7.39,24,Alto,1.24,0.1,1
20,Otro,5.11,20,Medio,0.56,0.36,1
19,Masculino,9.1,12,Medio,1.3,0.44,1
19,Masculino,9.12,25,Medio,1.36,0.44,0
34,Masculino,8.94,3,Bajo,1.3,1.0,0
35,Femenino,6.42,9,Medio,0.84,0.51,1
35,Femenino,9.19,12,Medio,1.19,0.42,0
21,Femenino,7.71,6,Bajo,1.07,1.0,0
34,Masculino,6.87,19,Bajo,0.99,0.82,0
26,Masculino,8.13,24,Medio,1.15,0.41,0
22,Femenino,5.06,19,Bajo,0.74,0.8,1
17,Femenino,5.71,15,Alto,0.68,0.09,0
21,Masculino,8.71,23,Bajo,1.13,0.81,0
25,Femenino,6.22,11,Medio,0.75,0.45,1
28,Femenino,7.99,4,Alto,1.02,0.36,0
30,Masculino,6.93,10,Medio,1.02,0.51,0
18,Femenino,9.27,4,Medio,1.25,0.6,1
33,Femenino,9.76,12,Medio,1.64,0.45,1
30,Masculino,9.42,13,Bajo,1.28,0.87,1
29,Masculino,6.35,13,Bajo,0.85,0.81,1
25,Masculino,5.97,4,Alto,0.8,0.3,0
31,Femenino,7.37,22,Medio,0.92,0.42,0
31,Femenino,5.04,8,Medio,0.67,0.52,1
27,Femenino,5.13,15,Bajo,0.76,0.83,0
32,Masculino,7.77,25,Bajo,1.05,0.76,0
33,Masculino,7.6,12,Bajo,0.93,0.89,0
20,Femenino,9.97,8,Medio,1.21,0.5,0
17,Masculino,6.01,22,Medio,0.77,0.35,0
24,Femenino,6.29,11,Medio,0.84,0.52,1
33,Femenino,5.57,12,Medio,0.83,0.47,0
19,Femenino,9.59,16,Bajo,1.11,0.79,0
31,Femenino,8.89,20,Bajo,1.15,0.77,1
31,Masculino,9.11,17,Bajo,1.23,0.81,1
30,Femenino,9.51,23,Medio,1.04,0.4,0
30,Femenino,7.62,22,Bajo,0.93,0.85,1
18,Masculino,7.26,21,Alto,0.9,0.15,0
29,Femenino,6.65,13,Bajo,0.82,0.85,1
30,Masculino,7.95,19,Alto,1.08,0.09,0
35,Masculino,7.27,24,Medio,0.95,0.4,1
23,Femenino,7.26,14,Alto,0.91,0.14,0
19,Femenino,9.68,6,Medio,1.35,0.54,0
31,Femenino,9.92,5,Alto,1.55,0.28,0
30,Femenino,8.98,15,Bajo,1.39,0.76,0
27,Femenino,8.78,9,Medio,0.95,0.48,0
31,Masculino,8.4,10,Alto,1.18,0.17,0
29,Masculino,5.83,20,Bajo,0.76,0.8,1
34,Femenino,5.3,4,Bajo,0.72,1.0,1
22,Masculino,8.45,6,Medio,1.08,0.58,0
19,Masculino,8.64,22,Alto,1.17,0.08,0
35,Masculino,5.23,19,Medio,0.71,0.36,1
31,Masculino,9.64,2,Medio,1.21,0.67,1
21,Masculino,5.46,9,Bajo,0.66,0.9,1
26,Femenino,6.43,20,Bajo,0.82,0.81,1
23,Femenino,8.36,18,Medio,1.14,0.45,0
33,Masculino,5.85,18,Bajo,0.83,0.76,1
23,Femenino,5.28,12,Medio,0.76,0.43,0
28,Masculino,6.66,3,Alto,0.84,0.34,0
33,Masculino,8.83,7,Bajo,1.21,1.0,0
29,Femenino,7.07,23,Medio,1.03,0.43,0
20,Femenino,8.26,15,Bajo,1.23,0.84,1
26,Femenino,7.9,4,Medio,1.05,0.6,0
19,Masculino,5.11,13,Bajo,0.67,0.89,1
25,Femenino,9.94,5,Medio,1.35,0.56,0
29,Femenino,5.21,13,Bajo,0.61,0.8,0
34,Femenino,9.84,14,Medio,1.29,0.46,0
31,Femenino,7.75,3,Medio,1.11,0.68,0
20,Femenino,9.82,3,Bajo,1.39,1.0,0
31,Femenino,5.57,16,Medio,0.72,0.36,1
18,Masculino,7.45,24,Bajo,1.01,0.75,1
31,Femenino,5.85,18,Medio,0.72,0.36,0
24,Femenino,5.25,8,Bajo,0.75,0.91,1
24,Femenino,8.09,15,Medio,1.07,0.45,0
33,Femenino,6.04,13,Bajo,0.78,0.86,1
28,Otro,7.94,18,Medio,1.02,0.43,0
35,Masculino,5.56,15,Bajo,0.74,0.83,1
26,Femenino,6.66,7,Medio,0.85,0.56,0
25,Masculino,8.91,20,Bajo,1.27,0.83,0
21,Femenino,7.19,25,Alto,0.92,0.11,0
22,Femenino,8.14,7,Alto,1.26,0.24,0
18,Masculino,8.24,19,Bajo,1.26,0.81,0
29,Masculino,9.22,25,Medio,1.12,0.4,0
22,Masculino,6.62,6,Bajo,0.89,1.0,1
21,Femenino,8.44,25,Bajo,1.05,0.85,0
17,Masculino,9.81,25,Medio,1.27,0.39,0
22,Femenino,8.65,7,Medio,1.38,0.59,0
22,Femenino,7.45,3,Medio,0.96,0.6,0
32,Masculino,8.15,9,Bajo,1.13,0.95,0
20,Femenino,8.7,16,Bajo,1.22,0.79,1
27,Masculino,8.06,16,Bajo,0.97,0.75,0
25,Masculino,5.08,12,Medio,0.62,0.45,1
19,Femenino,5.97,23,Medio,0.7,0.41,0
35,Femenino,9.05,23,Medio,1.1,0.36,0
24,Masculino,6.36,25,Bajo,0.61,0.84,1
21,Femenino,8.66,2,Bajo,1.22,1.0,1
20,Masculino,6.86,19,Bajo,1.1,0.84,1
22,Masculino,7.61,13,Bajo,1.03,0.86,1
18,Femenino,5.34,13,Bajo,0.61,0.82,1
27,Masculino,5.91,12,Medio,0.74,0.45,1
20,Otro,9.79,9,Alto,1.25,0.24,0
31,Femenino,9.45,8,Medio,1.13,0.55,0
22,Masculino,8.26,24,Medio,1.2,0.42,0
33,Femenino,7.3,22,Bajo,1.05,0.79,0
22,Masculino,8.38,3,Alto,0.99,0.34,0
35,Masculino,8.09,12,Bajo,1.16,0.91,0
18,Femenino,7.84,23,Alto,1.2,0.07,0
31,Femenino,5.3,11,Medio,0.84,0.47,0
27,Masculino,8.16,4,Bajo,1.4,1.0,1
24,Femenino,8.84,21,Alto,1.07,0.13,0
35,Masculino,9.97,11,Bajo,1.7,0.91,1
29,Femenino,5.06,19,Medio,0.65,0.38,0
28,Masculino,8.65,15,Medio,1.09,0.36,0
21,Masculino,7.86,19,Bajo,1.08,0.75,1
22,Masculino,7.17,25,Medio,0.9,0.39,0
20,Femenino,5.64,9,Medio,0.78,0.51,1
35,Masculino,7.05,11,Medio,0.82,0.53,0
17,Masculino,6.77,23,Bajo,0.88,0.8,1
33,Femenino,6.51,14,Alto,0.98,0.1,0
28,Femenino,8.65,22,Bajo,1.15,0.84,0
31,Femenino,8.5,9,Bajo,1.15,0.92,0
17,Masculino,7.95,5,Bajo,1.11,1.0,1
30,Masculino,9.69,5,Bajo,1.44,0.96,1
22,Femenino,6.75,6,Bajo,0.75,0.97,0
21,Masculino,6.22,2,Alto,0.88,0.4,1
27,Femenino,8.28,18,Bajo,1.07,0.81,0
20,Femenino,5.99,3,Bajo,0.81,1.0,1
29,Masculino,6.58,9,Bajo,0.97,0.93,1
27,Masculino,6.12,8,Medio,0.72,0.58,1
19,Femenino,5.35,16,Alto,0.64,0.08,0
17,Femenino,9.14,6,Bajo,0.98,0.98,1
22,Masculino,6.27,3,Bajo,0.79,1.0,1
34,Femenino,7.37,8,Bajo,1.11,0.91,1
26,Femenino,5.22,9,Bajo,0.69,0.94,1
21,Femenino,8.5,8,Bajo,0.98,0.95,1
26,Masculino,6.65,8,Medio,0.84,0.56,0
28,Masculino,8.72,15,Bajo,0.99,0.79,0
18,Femenino,7.06,22,Medio,0.84,0.38,0
29,Masculino,5.98,19,Bajo,0.83,0.82,1
24,Masculino,7.57,7,Alto,0.89,0.23,0
18,Femenino,5.65,5,Alto,0.84,0.29,1
17,Masculino,7.2,11,Medio,0.95,0.45,1
21,Masculino,6.59,19,Bajo,0.89,0.75,0
25,Femenino,9.56,13,Bajo,1.24,0.89,1
33,Femenino,5.3,17,Medio,0.76,0.39,1
25,Masculino,8.47,8,Medio,1.22,0.59,1
27,Masculino,5.91,7,Medio,0.81,0.52,0
31,Masculino,6.6,6,Alto,0.93,0.29,0
22,Femenino,7.08,4,Alto,0.92,0.29,0
19,Otro,9.54,13,Bajo,1.34,0.87,0
33,Femenino,6.21,16,Medio,0.8,0.43,1
21,Femenino,5.46,11,Bajo,0.73,0.84,1
28,Masculino,6.59,21,Bajo,0.85,0.84,1
34,Femenino,5.52,20,Medio,0.7,0.37,1
30,Femenino,5.64,17,Bajo,0.7,0.81,1
27,Femenino,7.87,12,Alto,1.1,0.21,0
25,Femenino,5.3,9,Bajo,0.8,0.96,1
18,Femenino,5.15,4,Medio,0.77,0.67,1
28,Masculino,8.57,24,Medio,1.0,0.38,0
19,Femenino,6.81,8,Medio,1.03,0.5,0
19,Masculino,5.63,24,Bajo,0.73,0.77,1
17,Masculino,6.27,8,Alto,0.89,0.24,0
24,Masculino,8.21,15,Medio,1.0,0.43,0
24,Femenino,6.38,3,Medio,0.86,0.61,1
27,Masculino,7.47,11,Bajo,1.03,0.9,1
25,Masculino,5.61,20,Medio,0.64,0.38,1
21,Masculino,7.94,10,Medio,1.12,0.48,0
30,Masculino,6.58,17,Medio,1.0,0.42,0
19,Masculino,8.13,20,Medio,1.07,0.4,0
21,Femenino,9.04,19,Medio,1.37,0.43,1
21,Masculino,8.06,10,Bajo,1.05,0.87,1
35,Masculino,6.48,17,Bajo,0.94,0.83,1
30,Masculino,6.28,14,Bajo,0.65,0.78,1
20,Otro,6.64,11,Medio,1.1,0.45,0
29,Femenino,5.82,21,Medio,0.89,0.42,1
26,Otro,5.91,15,Bajo,0.77,0.84,1
34,Femenino,8.95,13,Medio,0.96,0.42,0
24,Femenino,6.92,20,Medio,0.95,0.38,0
24,Femenino,7.18,8,Medio,0.82,0.54,1
23,Femenino,7.97,24,Bajo,1.11,0.77,0
24,Masculino,7.95,16,Bajo,1.1,0.83,0
30,Femenino,5.34,17,Bajo,0.64,0.83,1
35,Femenino,9.16,9,Bajo,1.36,0.88,0
22,Masculino,5.89,11,Bajo,0.85,0.88,0
17,Masculino,8.62,5,Bajo,1.26,1.0,0
31,Masculino,8.86,20,Medio,1.18,0.38,0
17,Masculino,8.57,20,Bajo,0.98,0.81,0
33,Masculino,7.89,22,Alto,1.15,0.06,0
17,Femenino,5.07,16,Bajo,0.66,0.81,1
31,Femenino,6.8,15,Bajo,0.78,0.77,0
18,Masculino,8.02,2,Bajo,1.21,1.0,0
30,Femenino,6.94,17,Bajo,1.12,0.79,0
24,Masculino,9.32,11,Medio,1.24,0.46,0
24,Femenino,6.54,20,Bajo,1.06,0.83,0
35,Femenino,6.47,23,Alto,0.87,0.06,0
23,Masculino,6.33,4,Alto,0.81,0.31,0
35,Masculino,6.66,6,Medio,0.83,0.57,0
22,Masculino,7.79,10,Medio,1.21,0.48,0
22,Masculino,8.54,19,Medio,1.05,0.44,0
19,Femenino,8.31,12,Bajo,1.19,0.89,0
23,Femenino,9.04,17,Medio,1.14,0.36,0
35,Masculino,9.43,3,Bajo,1.2,1.0,0
24,Masculino,9.08,13,Bajo,1.34,0.84,1
26,Femenino,5.09,23,Medio,0.65,0.44,1
31,Masculino,8.68,7,Medio,1.11,0.54,0
31,Femenino,6.04,12,Alto,0.9,0.17,0
17,Femenino,5.66,9,Bajo,0.88,0.92,1
23,Femenino,8.19,13,Medio,1.16,0.44,0
20,Masculino,6.6,3,Bajo,0.82,1.0,0
22,Masculino,5.29,10,Bajo,0.67,0.87,0
17,Femenino,5.69,16,Bajo,0.76,0.83,0
21,Masculino,5.0,3,Medio,0.69,0.64,1
17,Femenino,9.52,2,Bajo,1.14,1.0,1
20,Femenino,5.12,11,Medio,0.73,0.46,1
18,Femenino,6.05,3,Medio,0.81,0.66,1
26,Femenino,7.08,13,Medio,0.78,0.48,0
21,Femenino,6.78,24,Medio,0.82,0.42,1
26,Masculino,9.56,9,Medio,1.21,0.56,0
17,Masculino,5.2,6,Medio,0.69,0.61,0
22,Masculino,7.56,23,Medio,1.2,0.39,0
29,Femenino,8.4,2,Bajo,1.15,1.0,0
31,Femenino,9.66,16,Alto,1.18,0.07,1
20,Femenino,8.1,7,Medio,1.1,0.56,0
29,Femenino,9.02,13,Bajo,1.16,0.81,1
31,Masculino,5.42,9,Bajo,0.75,0.94,1
24,Femenino,6.93,14,Medio,0.98,0.42,0
21,Masculino,6.87,20,Bajo,1.03,0.79,1
31,Masculino,9.43,2,Alto,1.25,0.34,0
20,Femenino,5.76,12,Bajo,0.89,0.91,1
28,Masculino,5.76,21,Medio,0.84,0.36,1
29,Masculino,6.64,2,Bajo,0.82,1.0,1
18,Masculino,5.27,9,Medio,0.86,0.49,0
35,Masculino,5.91,6,Alto,0.81,0.33,0
35,Femenino,9.83,18,Medio,1.2,0.45,0
20,Femenino,7.14,9,Medio,1.11,0.54,0
20,Femenino,8.16,11,Bajo,1.31,0.92,0
27,Femenino,8.63,3,Bajo,1.15,1.0,0
21,Masculino,6.83,10,Bajo,0.86,0.95,1
27,Femenino,5.74,25,Medio,0.75,0.36,0
26,Masculino,6.03,24,Bajo,0.86,0.76,1
24,Masculino,6.57,4,Bajo,0.99,0.98,0
22,Femenino,8.18,19,Medio,1.15,0.41,0
22,Femenino,6.99,8,Medio,0.94,0.57,0
24,Masculino,5.03,16,Medio,0.77,0.39,1
31,Masculino,7.62,22,Bajo,0.98,0.85,0
30,Masculino,9.61,23,Bajo,1.41,0.79,0
27,Femenino,9.06,21,Alto,1.17,0.07,0
28,Femenino,9.13,19,Bajo,1.27,0.8,1
29,Femenino,8.98,4,Alto,1.18,0.34,0
24,Femenino,6.62,24,Alto,0.88,0.13,0
34,Masculino,8.83,15,Medio,1.13,0.4,0
17,Masculino,5.72,25,Bajo,0.87,0.81,1
31,Masculino,8.29,3,Medio,1.02,0.62,0
24,Masculino,8.21,15,Medio,1.01,0.41,1
27,Masculino,5.13,23,Medio,0.83,0.45,0
28,Femenino,8.94,12,Bajo,1.31,0.81,0
28,Femenino,9.52,17,Bajo,0.97,0.84,1
20,Masculino,6.34,9,Bajo,0.8,0.93,0
32,Femenino,9.06,8,Medio,0.99,0.52,0
20,Masculino,5.41,12,Medio,0.65,0.51,1
21,Masculino,8.0,4,Bajo,0.73,1.0,0
21,Femenino,7.43,18,Medio,0.98,0.38,0
24,Masculino,7.73,15,Bajo,0.91,0.77,0
26,Masculino,9.63,7,Medio,1.29,0.53,0
33,Masculino,9.36,9,Alto,1.05,0.25,0
25,Masculino,8.93,23,Bajo,1.2,0.81,0
35,Masculino,6.37,6,Bajo,0.81,1.0,1
30,Femenino,9.56,9,Bajo,1.47,0.89,0
24,Femenino,5.49,3,Medio,0.84,0.6,1
25,Masculino,9.27,16,Medio,1.33,0.35,0
27,Masculino,6.64,13,Alto,0.86,0.14,0
17,Femenino,5.27,18,Bajo,0.84,0.85,1
30,Femenino,8.35,2,Alto,0.94,0.38,0
21,Masculino,6.16,16,Bajo,0.71,0.78,0
30,Masculino,6.22,15,Medio,0.82,0.44,0
20,Masculino,6.53,21,Bajo,1.07,0.83,1
17,Masculino,5.32,23,Alto,0.69,0.05,1
35,Femenino,5.89,17,Medio,0.77,0.43,0
24,Femenino,5.03,10,Medio,0.57,0.48,1
31,Masculino,7.23,2,Medio,1.06,0.62,0
31,Femenino,5.42,18,Bajo,0.79,0.77,1
25,Femenino,8.41,14,Bajo,1.21,0.82,1
25,Femenino,6.18,22,Alto,0.77,0.09,0
26,Masculino,9.72,22,Bajo,1.2,0.78,0
25,Masculino,9.36,6,Bajo,1.09,0.95,0
19,Femenino,6.45,11,Medio,0.87,0.51,0
27,Femenino,8.92,7,Medio,1.06,0.61,0
22,Masculino,9.02,25,Bajo,1.06,0.83,1
18,Otro,9.93,20,Bajo,1.27,0.78,0
23,Femenino,7.99,14,Bajo,1.01,0.79,1
34,Femenino,5.41,2,Medio,0.68,0.63,1
18,Femenino,8.23,21,Alto,1.15,0.06,0
33,Masculino,8.12,16,Alto,1.09,0.11,0
27,Femenino,8.19,15,Medio,1.06,0.41,0
28,Femenino,6.54,9,Bajo,0.89,0.94,0
35,Masculino,9.3,11,Alto,1.12,0.2,0
23,Masculino,9.8,10,Medio,1.32,0.48,1
22,Femenino,6.09,18,Bajo,0.82,0.78,0
17,Masculino,5.44,10,Alto,0.62,0.22,1
33,Femenino,5.97,4,Medio,0.88,0.6,1
27,Masculino,9.1,12,Medio,1.11,0.43,0
34,Femenino,8.38,13,Medio,1.13,0.43,0
33,Masculino,8.18,11,Bajo,1.22,0.86,1
23,Femenino,7.01,18,Bajo,1.02,0.76,1
33,Masculino,7.89,18,Medio,1.06,0.43,1
25,Masculino,6.54,12,Bajo,0.84,0.9,0
33,Masculino,7.39,23,Medio,1.08,0.37,1
24,Masculino,8.97,5,Medio,1.28,0.56,0
33,Masculino,9.91,8,Medio,1.24,0.56,1
23,Femenino,9.66,22,Medio,1.19,0.37,0
17,Femenino,9.67,15,Medio,1.02,0.39,1
29,Masculino,7.01,8,Medio,0.95,0.5,0
35,Femenino,7.34,25,Medio,0.97,0.37,0
35,Masculino,8.53,9,Bajo,1.27,0.95,1
33,Masculino,9.61,2,Bajo,1.33,1.0,0
29,Femenino,5.71,25,Bajo,0.86,0.77,1
32,Masculino,6.52,23,Bajo,0.81,0.78,1
24,Femenino,5.7,5,Bajo,0.85,0.96,1
35,Masculino,8.06,13,Bajo,1.02,0.8,0
34,Femenino,6.53,25,Medio,0.94,0.45,0
17,Femenino,6.63,4,Alto,0.76,0.34,0
30,Masculino,5.35,14,Bajo,0.73,0.82,1
35,Masculino,6.75,21,Medio,0.72,0.43,0
31,Masculino,9.31,7,Medio,1.21,0.59,0
34,Masculino,6.17,12,Bajo,0.86,0.89,1
18,Femenino,8.48,24,Alto,1.07,0.05,0
33,Masculino,8.15,5,Medio,0.97,0.57,1
34,Femenino,9.32,21,Bajo,1.35,0.82,0
22,Masculino,5.66,17,Medio,0.75,0.39,1
35,Masculino,9.89,8,Bajo,1.25,0.99,0
20,Masculino,7.91,23,Medio,1.06,0.42,0
17,Masculino,9.98,12,Bajo,1.68,0.91,1
24,Femenino,9.56,25,Medio,1.42,0.37,0
23,Masculino,6.11,2,Medio,0.91,0.7,1
19,Femenino,5.28,8,Medio,0.73,0.52,0
26,Masculino,6.28,13,Bajo,0.85,0.89,1
26,Femenino,7.64,8,Medio,0.77,0.51,0
35,Masculino,5.86,24,Medio,0.73,0.4,1
30,Masculino,5.84,8,Medio,0.74,0.57,1
18,Femenino,7.31,11,Medio,0.79,0.47,0
17,Femenino,5.17,17,Medio,0.61,0.4,1
34,Masculino,5.61,9,Alto,0.6,0.27,1
23,Femenino,7.08,10,Medio,0.94,0.49,0
24,Femenino,5.32,10,Medio,0.77,0.51,1
17,Femenino,6.98,3,Medio,1.03,0.6,0
19,Femenino,7.37,14,Medio,1.02,0.45,0
24,Masculino,7.26,14,Bajo,0.87,0.83,0
31,Masculino,9.35,24,Medio,1.01,0.39,0
21,Femenino,7.65,24,Medio,0.84,0.35,0
19,Femenino,7.34,5,Bajo,0.85,1.0,1
35,Femenino,7.05,25,Medio,0.86,0.35,0
17,Femenino,9.09,13,Medio,1.19,0.39,0
31,Femenino,9.48,18,Bajo,1.14,0.81,0
24,Femenino,9.27,3,Medio,1.28,0.61,0
18,Femenino,8.37,14,Bajo,1.09,0.79,0
19,Masculino,5.69,19,Bajo,0.76,0.82,0
30,Femenino,6.38,16,Medio,0.95,0.36,1
30,Masculino,5.23,9,Bajo,0.62,0.9,1
27,Masculino,9.65,16,Bajo,1.34,0.76,0
32,Masculino,8.3,2,Alto,1.11,0.37,1
20,Masculino,8.73,21,Bajo,1.13,0.82,0
21,Masculino,6.56,11,Alto,0.95,0.2,0
30,Masculino,9.23,13,Alto,1.34,0.12,0
32,Masculino,6.3,6,Bajo,0.76,0.94,1
34,Masculino,5.01,10,Bajo,0.66,0.86,1
23,Masculino,6.88,24,Medio,0.94,0.39,0
26,Masculino,7.85,9,Medio,1.02,0.56,0
23,Femenino,7.39,17,Bajo,1.04,0.77,1
17,Femenino,9.31,15,Medio,1.28,0.38,0
35,Femenino,5.53,14,Bajo,0.87,0.78,1
32,Masculino,7.77,24,Alto,0.88,0.11,0
35,Masculino,7.56,22,Bajo,1.0,0.82,0
20,Masculino,6.41,14,Bajo,0.78,0.83,1
34,Masculino,9.11,6,Bajo,1.29,1.0,0
18,Femenino,8.76,17,Alto,0.98,0.1,0
17,Femenino,8.66,12,Medio,1.19,0.42,0
31,Masculino,9.38,23,Medio,1.17,0.38,0
21,Masculino,8.61,6,Bajo,1.06,1.0,0
27,Otro,6.16,14,Bajo,0.7,0.83,1
26,Femenino,8.53,12,Bajo,1.08,0.86,0
18,Masculino,6.54,20,Medio,0.97,0.42,0
19,Masculino,6.21,4,Medio,0.83,0.63,1
28,Masculino,5.37,16,Medio,0.76,0.44,0
21,Masculino,8.72,8,Bajo,1.36,0.95,1
21,Masculino,8.56,8,Alto,1.17,0.27,0
22,Femenino,6.17,7,Bajo,0.78,0.93,1
25,Masculino,8.75,4,Alto,1.22,0.34,0
18,Masculino,9.59,14,Bajo,1.21,0.86,0
28,Masculino,5.54,8,Medio,0.7,0.53,1
19,Masculino,6.16,6,Bajo,0.7,1.0,1
28,Femenino,8.75,24,Medio,1.27,0.42,0
33,Femenino,6.37,19,Medio,0.82,0.36,0
26,Masculino,8.12,23,Medio,1.1,0.41,0
30,Masculino,5.41,9,Medio,0.65,0.48,1
33,Masculino,7.26,18,Medio,1.01,0.45,0
34,Femenino,8.7,21,Medio,1.07,0.43,0
35,Masculino,8.43,2,Medio,1.11,0.62,0
33,Masculino,9.08,15,Bajo,1.32,0.76,0
30,Masculino,9.39,18,Medio,1.35,0.41,0
25,Femenino,8.87,11,Medio,1.18,0.46,0
24,Masculino,8.36,13,Bajo,0.92,0.79,0
18,Masculino,5.16,17,Medio,0.89,0.4,0
29,Femenino,7.67,15,Bajo,1.2,0.79,1
23,Masculino,5.19,17,Bajo,0.74,0.76,1
25,Masculino,9.04,9,Bajo,1.11,0.95,0
27,Masculino,6.6,24,Bajo,0.87,0.84,1
30,Femenino,7.81,11,Medio,0.98,0.51,0
20,Femenino,6.4,18,Medio,0.96,0.43,1
29,Femenino,8.91,19,Alto,1.22,0.07,0
18,Femenino,9.43,21,Medio,1.16,0.38,0
21,Femenino,6.99,17,Bajo,0.89,0.77,0
27,Masculino,9.31,18,Alto,1.38,0.13,0
22,Femenino,6.34,17,Alto,0.98,0.14,0
34,Masculino,7.67,20,Medio,1.18,0.42,1
26,Masculino,9.29,25,Medio,1.33,0.44,0
20,Masculino,6.63,25,Alto,0.86,0.11,0
25,Masculino,9.77,9,Medio,0.88,0.51,0
22,Masculino,5.61,7,Alto,0.77,0.25,0
18,Masculino,5.09,7,Bajo,0.68,0.92,1
33,Femenino,9.52,22,Bajo,1.29,0.75,0
21,Femenino,5.34,10,Medio,0.72,0.52,0
22,Masculino,9.96,5,Medio,1.15,0.59,0
28,Masculino,9.76,13,Medio,1.37,0.45,0
26,Femenino,5.69,13,Alto,0.81,0.15,0
22,Masculino,7.69,24,Bajo,1.1,0.78,1
24,Masculino,5.92,18,Bajo,0.86,0.8,1
18,Femenino,7.14,16,Medio,1.01,0.4,1
28,Otro,5.31,10,Medio,0.68,0.49,1
29,Masculino,6.12,8,Bajo,0.81,0.97,1
23,Femenino,6.82,11,Medio,0.92,0.48,0
26,Masculino,7.19,17,Medio,0.97,0.41,0
29,Femenino,9.89,13,Medio,1.45,0.48,0
33,Masculino,9.04,8,Medio,1.28,0.58,0
30,Femenino,8.69,19,Bajo,1.4,0.84,0
18,Femenino,7.69,16,Alto,1.25,0.08,0
27,Masculino,9.2,7,Medio,1.24,0.51,0
17,Masculino,6.7,13,Medio,0.55,0.42,0
35,Femenino,8.54,12,Bajo,1.28,0.84,0
20,Femenino,9.97,21,Medio,1.26,0.44,0
35,Masculino,6.57,4,Bajo,0.81,1.0,0
27,Femenino,8.37,3,Bajo,1.07,1.0,1
24,Femenino,9.22,7,Medio,1.17,0.52,0
27,Femenino,9.58,25,Bajo,1.36,0.77,0
20,Femenino,8.59,23,Medio,0.97,0.41,0
33,Masculino,6.42,6,Bajo,0.76,1.0,0
23,Masculino,6.63,19,Medio,0.91,0.44,0
24,Femenino,5.1,17,Bajo,0.72,0.84,1
19,Masculino,8.8,9,Bajo,1.25,0.89,0
18,Femenino,5.21,21,Bajo,0.64,0.78,1
31,Masculino,9.32,23,Alto,1.12,0.07,0
21,Masculino,5.59,12,Alto,0.71,0.15,1
17,Femenino,5.86,11,Bajo,0.8,0.92,1
20,Masculino,7.38,25,Medio,1.13,0.41,0
31,Masculino,8.69,13,Medio,0.92,0.46,0
35,Femenino,5.7,22,Alto,0.74,0.1,0
19,Femenino,7.2,7,Bajo,0.83,0.91,0
27,Femenino,7.41,21,Medio,0.82,0.36,0
33,Masculino,6.06,6,Bajo,0.89,0.98,1
29,Masculino,5.58,24,Bajo,0.78,0.82,1
27,Masculino,9.18,10,Alto,1.28,0.17,0
18,Masculino,7.51,17,Medio,1.09,0.42,0
25,Masculino,5.07,23,Bajo,0.64,0.83,1
18,Masculino,9.01,15,Bajo,1.15,0.79,0
25,Masculino,9.9,23,Medio,1.61,0.42,0
25,Femenino,8.03,9,Medio,1.04,0.51,0
24,Masculino,7.52,21,Bajo,1.08,0.82,0
33,Masculino,9.39,20,Alto,1.25,0.13,0
17,Femenino,9.76,15,Bajo,1.06,0.85,0
27,Masculino,8.77,8,Bajo,0.93,0.92,0
24,Femenino,7.23,6,Alto,0.91,0.27,0
26,Femenino,7.96,19,Bajo,1.17,0.77,0
23,Masculino,8.5,3,Bajo,1.22,1.0,0
19,Femenino,5.97,12,Medio,0.87,0.48,0
19,Femenino,7.24,23,Medio,0.87,0.44,0
34,Femenino,9.15,9,Bajo,1.42,0.91,1
21,Masculino,8.27,2,Alto,1.0,0.33,0
28,Femenino,7.06,23,Medio,0.96,0.38,0
28,Masculino,8.32,13,Bajo,1.11,0.84,0
35,Femenino,5.59,3,Medio,0.73,0.62,1
22,Otro,7.01,19,Bajo,1.06,0.77,0
18,Masculino,8.97,8,Medio,1.11,0.56,0
28,Femenino,6.1,18,Medio,0.7,0.35,0
35,Femenino,5.93,23,Alto,0.79,0.1,1
21,Femenino,9.75,24,Bajo,1.25,0.83,0
28,Masculino,6.05,15,Medio,1.08,0.38,0
33,Femenino,6.3,25,Medio,0.9,0.41,0
33,Femenino,9.85,8,Bajo,1.26,0.96,1
26,Femenino,8.67,23,Bajo,1.03,0.82,0
33,Femenino,8.5,4,Bajo,0.92,1.0,1
31,Femenino,9.26,7,Medio,1.11,0.54,0
28,Masculino,5.58,21,Medio,0.75,0.43,1
32,Otro,8.53,3,Bajo,1.3,1.0,1
35,Femenino,7.52,18,Medio,1.12,0.38,0
24,Masculino,9.15,13,Medio,1.25,0.4,0
33,Femenino,7.54,13,Medio,0.97,0.4,0
21,Masculino,8.1,18,Bajo,1.11,0.76,0
32,Masculino,7.39,11,Medio,0.93,0.49,0
22,Masculino,7.39,4,Bajo,1.15,0.98,0
24,Masculino,8.84,21,Bajo,1.16,0.78,1
34,Femenino,8.14,19,Medio,1.08,0.43,1
28,Masculino,8.17,14,Bajo,0.85,0.8,1
31,Masculino,7.25,13,Bajo,0.95,0.87,0
25,Femenino,7.66,18,Bajo,1.11,0.82,0
29,Masculino,8.73,5,Bajo,1.04,0.97,0
31,Femenino,9.13,24,Bajo,1.13,0.82,0
26,Masculino,8.48,11,Alto,1.22,0.2,1
32,Femenino,9.62,12,Bajo,1.09,0.85,0
23,Femenino,9.1,7,Bajo,1.34,0.93,1
33,Masculino,7.81,7,Bajo,0.99,0.96,0
23,Masculino,8.36,10,Alto,1.07,0.24,0
30,Femenino,9.63,16,Medio,1.14,0.41,0
31,Femenino,8.1,3,Bajo,1.12,1.0,0
23,Masculino,9.12,5,Alto,1.52,0.32,0
25,Femenino,8.44,6,Bajo,1.21,0.97,1
35,Femenino,7.76,18,Bajo,0.95,0.81,0
32,Masculino,6.21,9,Bajo,0.92,0.94,1
24,Masculino,7.13,9,Bajo,0.92,0.92,0
34,Femenino,9.84,23,Bajo,1.49,0.83,0
34,Masculino,8.29,13,Medio,1.19,0.46,0
23,Masculino,7.82,22,Bajo,0.74,0.81,1
19,Masculino,9.66,9,Medio,1.16,0.49,0
34,Masculino,7.93,20,Bajo,1.16,0.83,1
26,Femenino,7.63,4,Bajo,1.03,1.0,1
23,Femenino,8.8,19,Medio,1.05,0.36,0
33,Femenino,8.56,22,Alto,1.07,0.1,0
30,Masculino,5.97,20,Bajo,0.64,0.78,1
19,Femenino,7.36,20,Medio,0.97,0.43,0
28,Masculino,7.36,16,Bajo,1.2,0.82,0
29,Femenino,6.89,7,Bajo,0.99,0.92,0
18,Femenino,7.59,17,Bajo,1.23,0.84,0
19,Masculino,7.07,9,Bajo,1.03,0.89,0
21,Femenino,6.0,17,Bajo,0.88,0.83,1
27,Femenino,7.06,19,Bajo,1.13,0.8,1
24,Masculino,5.36,21,Medio,0.74,0.38,1
28,Femenino,7.88,17,Bajo,1.03,0.77,0
23,Masculino,9.27,12,Medio,1.36,0.43,1
31,Masculino,8.63,8,Bajo,1.32,0.96,0
33,Femenino,6.8,18,Medio,0.86,0.41,0
20,Masculino,5.44,18,Medio,0.67,0.36,0
29,Femenino,6.01,13,Bajo,0.81,0.8,1
34,Femenino,7.73,14,Bajo,1.12,0.78,0
17,Femenino,6.04,11,Medio,0.87,0.5,0
32,Femenino,7.72,8,Alto,0.88,0.26,0
29,Masculino,6.16,15,Bajo,0.98,0.76,1
26,Femenino,9.24,24,Bajo,1.15,0.81,0
28,Masculino,6.99,2,Alto,0.91,0.32,1
18,Masculino,6.23,18,Bajo,0.76,0.84,1
19,Masculino,9.06,5,Medio,1.53,0.64,1
26,Femenino,6.71,22,Bajo,0.92,0.82,0
18,Femenino,5.56,6,Bajo,0.68,1.0,0
29,Masculino,7.85,21,Medio,1.14,0.43,0
29,Femenino,7.91,25,Medio,1.14,0.43,0
34,Femenino,8.57,24,Bajo,1.12,0.81,0
19,Femenino,6.2,8,Medio,0.9,0.52,0
23,Femenino,7.22,11,Medio,0.88,0.45,0
30,Masculino,6.41,18,Medio,0.81,0.38,1
33,Femenino,5.4,8,Bajo,0.58,0.95,1
28,Femenino,9.38,2,Medio,1.09,0.63,0
32,Femenino,8.64,8,Medio,1.36,0.52,0
28,Masculino,6.51,25,Medio,1.01,0.4,1
31,Masculino,8.0,12,Medio,1.07,0.43,1
26,Femenino,6.01,10,Bajo,0.93,0.91,0
23,Masculino,9.45,13,Medio,1.24,0.48,0
21,Masculino,5.57,4,Medio,0.72,0.64,1
17,Masculino,5.02,5,Bajo,0.67,1.0,1
33,Masculino,7.51,5,Medio,0.99,0.61,0
19,Femenino,7.92,14,Bajo,1.03,0.82,0
29,Femenino,7.89,24,Medio,1.17,0.37,0
30,Femenino,5.27,20,Bajo,0.71,0.84,1
34,Femenino,6.57,11,Medio,0.94,0.45,0
20,Otro,7.5,6,Alto,1.1,0.24,0
34,Femenino,6.08,8,Medio,0.84,0.57,0
21,Femenino,9.36,25,Alto,1.13,0.07,0
32,Masculino,5.44,17,Alto,0.63,0.09,0
17,Masculino,7.44,2,Bajo,1.01,1.0,1
30,Femenino,8.46,13,Medio,1.11,0.4,0
31,Femenino,6.31,3,Medio,0.85,0.61,1
25,Femenino,8.12,8,Alto,1.08,0.2,0
31,Masculino,9.15,12,Bajo,1.54,0.88,0
33,Femenino,5.95,14,Alto,0.69,0.15,0
20,Femenino,9.59,3,Medio,1.02,0.63,0
28,Femenino,7.77,8,Medio,1.07,0.58,0
21,Femenino,6.5,16,Bajo,0.83,0.77,0
21,Masculino,7.15,12,Bajo,0.98,0.84,1
27,Femenino,6.56,3,Medio,0.93,0.61,0
22,Femenino,8.63,8,Bajo,1.3,0.95,0
23,Masculino,8.98,5,Medio,1.02,0.59,1
30,Masculino,9.16,12,Bajo,1.15,0.87,0
27,Femenino,9.93,3,Medio,1.38,0.67,0
29,Masculino,8.96,17,Bajo,1.29,0.8,1
18,Masculino,8.01,8,Medio,1.3,0.55,0
23,Masculino,6.7,14,Medio,0.98,0.46,0
20,Femenino,7.72,6,Bajo,1.02,0.96,1
24,Masculino,5.21,18,Bajo,0.63,0.79,1
35,Femenino,8.72,22,Bajo,1.1,0.82,0
29,Femenino,7.23,13,Medio,0.91,0.45,0
30,Femenino,5.1,20,Medio,0.72,0.37,1
26,Femenino,5.31,8,Medio,0.73,0.53,0
27,Masculino,6.94,7,Medio,0.8,0.56,0
18,Femenino,7.92,9,Medio,1.01,0.51,0
25,Femenino,7.32,14,Bajo,1.06,0.79,1
33,Masculino,8.1,6,Bajo,1.12,1.0,1
19,Femenino,7.4,3,Bajo,1.04,1.0,1
22,Femenino,8.31,10,Alto,1.15,0.2,0
21,Femenino,6.1,12,Alto,0.95,0.18,0
21,Femenino,5.56,25,Bajo,0.76,0.84,0
31,Femenino,7.98,7,Medio,1.02,0.52,0
33,Masculino,7.42,8,Medio,0.9,0.52,0
25,Femenino,5.13,8,Medio,0.7,0.54,1
19,Femenino,6.9,20,Bajo,0.7,0.83,0
33,Masculino,5.53,7,Bajo,0.72,0.91,1
26,Masculino,7.66,12,Medio,1.0,0.51,0
19,Femenino,6.98,12,Alto,0.8,0.16,1
34,Masculino,8.07,8,Medio,0.98,0.53,0
34,Femenino,9.03,3,Bajo,1.3,1.0,1
33,Femenino,6.5,20,Bajo,0.89,0.77,1
19,Femenino,9.81,5,Medio,1.32,0.63,0
19,Femenino,7.68,7,Medio,1.06,0.61,0
22,Masculino,8.09,18,Medio,1.09,0.39,0
29,Femenino,8.4,6,Medio,1.26,0.63,0
31,Masculino,8.33,8,Bajo,1.12,0.97,1
25,Femenino,7.55,10,Medio,0.86,0.5,0
20,Masculino,7.14,2,Medio,1.11,0.68,0
30,Masculino,5.27,2,Bajo,0.73,1.0,1
21,Masculino,5.11,20,Medio,0.64,0.41,0
18,Femenino,6.79,7,Bajo,0.79,0.92,0
27,Masculino,6.67,19,Bajo,0.92,0.82,0
25,Femenino,6.94,11,Bajo,0.91,0.84,1
19,Masculino,5.69,12,Bajo,0.88,0.89,1
25,Masculino,8.69,2,Bajo,1.12,1.0,1
19,Masculino,9.28,2,Medio,1.13,0.63,1
18,Femenino,9.69,14,Medio,1.41,0.4,0
28,Femenino,7.46,6,Medio,1.09,0.58,0
26,Femenino,8.5,21,Bajo,1.15,0.81,0
25,Femenino,9.28,2,Bajo,1.32,1.0,1
31,Masculino,7.09,21,Medio,0.94,0.41,0
24,Masculino,6.55,4,Bajo,0.89,1.0,1
21,Masculino,9.68,19,Bajo,1.44,0.76,1
27,Femenino,7.58,10,Alto,1.07,0.15,0
18,Masculino,7.49,15,Medio,0.98,0.36,0
31,Masculino,5.89,18,Alto,0.89,0.13,1
22,Masculino,5.54,24,Medio,0.56,0.45,1
24,Masculino,9.21,15,Bajo,1.48,0.79,1
21,Femenino,8.07,5,Medio,0.89,0.6,0
32,Masculino,6.63,6,Bajo,0.83,0.94,1
34,Femenino,5.96,22,Medio,0.79,0.41,1
22,Femenino,7.78,18,Bajo,1.02,0.76,1
21,Femenino,7.92,23,Medio,1.16,0.41,0
32,Masculino,6.03,3,Bajo,0.72,1.0,1
29,Masculino,9.26,24,Alto,1.27,0.07,0
21,Masculino,5.42,23,Alto,0.68,0.13,0
29,Masculino,6.78,6,Medio,0.93,0.53,0
33,Femenino,8.4,5,Medio,1.11,0.59,0
34,Femenino,6.37,5,Medio,0.86,0.56,0
24,Femenino,9.14,7,Medio,1.15,0.55,0
29,Femenino,8.7,21,Medio,1.1,0.37,0
35,Femenino,8.95,22,Medio,1.23,0.39,0
19,Femenino,5.6,14,Medio,0.82,0.41,1
24,Femenino,5.7,23,Alto,0.71,0.08,0
18,Masculino,6.43,6,Medio,0.78,0.6,1
24,Femenino,7.59,24,Medio,1.07,0.44,0
29,Masculino,8.74,24,Medio,1.16,0.39,0
29,Masculino,9.18,8,Medio,1.33,0.51,0
17,Femenino,8.52,21,Medio,1.03,0.38,0
22,Femenino,9.64,2,Bajo,1.06,1.0,1
35,Femenino,8.69,15,Medio,1.1,0.41,0
32,Femenino,6.53,25,Alto,0.8,0.1,0
24,Masculino,6.33,5,Medio,0.84,0.56,1
17,Femenino,8.48,18,Medio,1.06,0.39,0
32,Femenino,5.96,22,Bajo,0.85,0.78,1
25,Femenino,5.46,15,Medio,0.71,0.44,1
29,Masculino,7.66,17,Medio,1.04,0.44,0
27,Masculino,9.11,15,Medio,1.23,0.36,0
29,Masculino,5.51,17,Bajo,0.75,0.8,1
26,Femenino,8.96,25,Alto,1.19,0.07,0
20,Masculino,9.06,21,Medio,1.27,0.39,0
22,Masculino,7.41,9,Bajo,0.91,0.96,0
23,Masculino,5.29,25,Bajo,0.8,0.8,1
21,Otro,5.87,4,Bajo,0.76,1.0,1
27,Femenino,8.54,20,Medio,0.99,0.37,0
29,Masculino,8.56,2,Bajo,1.16,1.0,1
35,Masculino,9.49,3,Bajo,1.16,1.0,0
26,Femenino,7.91,16,Medio,1.12,0.4,0
26,Femenino,5.62,23,Bajo,0.91,0.77,0
27,Masculino,5.61,11,Bajo,0.69,0.86,1
23,Femenino,8.61,19,Medio,1.19,0.45,0
34,Masculino,5.92,23,Medio,0.65,0.4,1
20,Masculino,6.64,15,Medio,0.93,0.39,0
18,Masculino,7.44,18,Medio,0.9,0.4,0
30,Femenino,5.12,14,Medio,0.64,0.45,1
29,Masculino,6.24,2,Medio,0.74,0.64,1
28,Femenino,7.04,6,Bajo,1.01,0.95,0
23,Femenino,6.4,14,Bajo,0.94,0.83,1
18,Femenino,5.68,15,Medio,0.76,0.42,1
29,Masculino,8.64,25,Bajo,1.05,0.82,1
30,Femenino,9.07,4,Medio,1.4,0.66,0
33,Masculino,6.29,16,Medio,0.78,0.39,1
25,Masculino,8.87,20,Bajo,0.93,0.76,0
33,Masculino,6.93,18,Bajo,0.97,0.85,0
24,Masculino,7.53,4,Bajo,0.89,1.0,0
18,Femenino,9.28,17,Medio,1.36,0.41,1
29,Masculino,8.75,15,Medio,1.12,0.42,0
19,Femenino,9.03,13,Medio,1.28,0.44,0
32,Masculino,5.68,13,Bajo,0.86,0.81,1
22,Femenino,5.35,12,Medio,0.63,0.49,0
35,Femenino,9.47,18,Alto,1.19,0.13,0
23,Masculino,6.94,9,Bajo,0.92,0.93,0
26,Femenino,6.44,18,Medio,0.99,0.4,1
25,Femenino,8.62,22,Alto,1.07,0.06,0
18,Masculino,9.18,24,Bajo,1.15,0.76,0
31,Masculino,9.31,21,Medio,1.3,0.38,0
21,Masculino,6.58,12,Bajo,0.83,0.84,1
20,Femenino,9.26,3,Medio,1.25,0.69,0
20,Masculino,5.2,11,Bajo,0.59,0.91,0
34,Femenino,5.25,11,Alto,0.86,0.2,0
20,Masculino,8.12,12,Medio,0.94,0.46,0
33,Masculino,5.32,7,Medio,0.69,0.53,1
28,Masculino,6.62,5,Medio,0.88,0.65,0
33,Femenino,8.36,25,Medio,1.33,0.39,1
26,Femenino,6.69,13,Medio,0.77,0.4,1
17,Femenino,5.9,12,Alto,0.94,0.16,0
34,Femenino,6.41,24,Alto,0.92,0.14,1
34,Femenino,7.29,24,Medio,1.01,0.44,1
30,Masculino,7.38,14,Alto,0.89,0.07,0
31,Femenino,8.92,6,Medio,1.26,0.62,0
28,Masculino,8.75,7,Medio,1.08,0.54,0
20,Femenino,7.28,2,Medio,1.09,0.61,1
19,Masculino,9.23,7,Bajo,1.11,0.99,1
28,Masculino,5.57,19,Bajo,0.73,0.84,1
23,Femenino,6.28,23,Bajo,0.79,0.81,0
27,Femenino,9.14,10,Medio,1.1,0.51,0
17,Masculino,6.89,25,Bajo,0.99,0.83,0
22,Femenino,9.91,16,Medio,1.39,0.43,1
31,Masculino,7.33,9,Alto,1.1,0.26,1
31,Masculino,8.96,20,Bajo,0.98,0.81,1
35,Masculino,7.01,25,Medio,1.03,0.45,0
27,Femenino,7.12,17,Bajo,1.19,0.85,0
18,Masculino,6.91,7,Bajo,0.88,0.92,0
30,Masculino,8.6,7,Medio,1.36,0.59,0
18,Masculino,7.74,23,Medio,1.0,0.4,0
20,Femenino,9.72,4,Medio,1.12,0.61,0
33,Masculino,6.25,11,Bajo,0.81,0.89,1
19,Femenino,5.5,2,Medio,0.81,0.62,0
29,Masculino,6.97,15,Bajo,0.85,0.8,0
25,Femenino,8.08,5,Bajo,1.01,1.0,0
23,Masculino,9.3,13,Bajo,1.31,0.81,0
31,Femenino,6.73,7,Bajo,0.9,0.95,0
27,Masculino,8.27,12,Bajo,1.17,0.9,0
18,Masculino,6.75,13,Bajo,0.92,0.83,0
31,Masculino,8.09,11,Alto,1.13,0.17,0
30,Femenino,9.42,19,Bajo,1.2,0.79,0
27,Femenino,6.16,8,Bajo,0.84,0.94,1
19,Otro,7.02,8,Bajo,0.85,0.95,1
33,Femenino,9.97,12,Medio,1.5,0.49,0
28,Masculino,9.34,5,Bajo,1.17,1.0,1
31,Masculino,7.82,21,Alto,1.16,0.13,0
32,Masculino,7.58,2,Alto,0.99,0.36,0
21,Femenino,6.42,14,Bajo,0.87,0.8,1
22,Masculino,7.59,19,Medio,0.96,0.42,1
35,Masculino,9.24,10,Bajo,1.11,0.92,0
21,Femenino,8.43,25,Medio,0.93,0.41,0
19,Masculino,6.45,25,Medio,0.77,0.36,0
17,Femenino,6.01,10,Bajo,0.78,0.87,1
22,Femenino,6.33,24,Bajo,0.86,0.78,1
31,Femenino,5.85,10,Medio,0.86,0.48,1
18,Femenino,5.48,11,Medio,0.7,0.5,1
19,Masculino,7.1,3,Bajo,0.86,0.99,1
33,Femenino,5.57,7,Medio,0.64,0.59,1
28,Femenino,5.86,16,Medio,0.82,0.38,1
34,Femenino,7.74,4,Alto,1.17,0.3,0
31,Masculino,5.82,12,Bajo,0.87,0.86,1
28,Masculino,5.32,7,Medio,0.76,0.53,1
32,Femenino,6.59,4,Medio,0.93,0.66,0
24,Femenino,6.1,25,Bajo,0.95,0.76,1
30,Masculino,7.58,12,Medio,1.04,0.45,0
33,Femenino,5.51,16,Medio,0.78,0.43,1
24,Femenino,8.76,14,Alto,1.13,0.13,0
31,Femenino,9.53,21,Bajo,1.1,0.78,1
30,Masculino,8.72,11,Medio,1.08,0.47,0
34,Femenino,7.66,7,Bajo,1.02,0.98,0
23,Femenino,9.3,16,Alto,1.25,0.15,0
19,Femenino,8.47,19,Bajo,1.35,0.84,0
28,Masculino,5.05,19,Alto,0.68,0.08,0
19,Femenino,6.97,8,Alto,1.04,0.29,0
30,Masculino,9.25,16,Bajo,1.18,0.75,0
31,Femenino,6.73,19,Medio,0.87,0.35,0
30,Femenino,5.18,19,Alto,0.6,0.13,0
23,Masculino,8.73,21,Bajo,1.08,0.77,1
33,Femenino,9.01,10,Medio,1.26,0.46,0
28,Masculino,5.8,25,Medio,0.77,0.37,0
20,Masculino,7.69,3,Bajo,1.12,1.0,1
25,Masculino,5.96,9,Bajo,0.81,0.94,1
22,Femenino,8.6,21,Bajo,1.11,0.81,0
32,Masculino,6.36,3,Bajo,1.03,1.0,1
18,Femenino,6.58,12,Medio,0.87,0.46,0
24,Masculino,9.22,8,Bajo,1.37,0.98,0
27,Masculino,7.38,7,Alto,0.94,0.29,0
29,Masculino,8.35,11,Medio,1.19,0.46,0
33,Femenino,7.01,6,Bajo,1.02,1.0,1
24,Masculino,6.49,12,Medio,0.88,0.48,0
34,Femenino,8.13,2,Medio,0.83,0.62,0
34,Masculino,5.77,3,Alto,0.77,0.29,1
30,Femenino,6.86,25,Bajo,1.03,0.77,0
31,Femenino,6.05,2,Bajo,0.85,1.0,1
22,Masculino,8.48,20,Alto,1.18,0.07,0
27,Masculino,9.72,3,Alto,1.07,0.34,0
29,Femenino,9.98,22,Medio,1.23,0.36,0
17,Masculino,7.25,21,Medio,1.01,0.44,0
22,Femenino,6.26,24,Bajo,0.87,0.78,1
25,Femenino,7.21,22,Medio,1.08,0.44,0
24,Femenino,9.24,25,Bajo,1.21,0.84,0
27,Femenino,6.03,5,Bajo,0.84,0.95,1
35,Femenino,9.76,13,Medio,1.3,0.44,0
25,Masculino,6.71,23,Bajo,0.81,0.75,0
33,Femenino,9.93,21,Medio,1.03,0.44,0
28,Femenino,9.19,19,Alto,1.28,0.1,0
30,Masculino,9.04,2,Bajo,1.23,1.0,1
31,Femenino,6.59,2,Alto,0.82,0.32,0
32,Femenino,5.04,25,Alto,0.56,0.09,0
17,Masculino,6.91,15,Medio,0.98,0.44,0
26,Masculino,6.51,5,Bajo,0.84,1.0,1
24,Masculino,5.19,6,Bajo,0.73,1.0,1
34,Masculino,7.53,12,Medio,1.19,0.45,0
17,Masculino,7.02,25,Bajo,0.74,0.75,1
18,Femenino,8.17,24,Bajo,1.01,0.85,0
17,Masculino,8.11,14,Alto,1.06,0.07,0
17,Femenino,5.6,17,Bajo,0.86,0.84,1
25,Masculino,9.88,25,Medio,1.1,0.39,1
29,Femenino,5.93,14,Bajo,0.94,0.77,1
17,Masculino,7.23,25,Medio,0.98,0.42,0
29,Femenino,7.44,23,Alto,0.98,0.15,0
23,Masculino,9.07,3,Bajo,1.19,1.0,1
18,Femenino,5.5,17,Bajo,0.7,0.77,1
22,Masculino,7.14,7,Medio,1.05,0.53,0
23,Masculino,8.14,15,Medio,0.97,0.41,1
30,Femenino,6.08,2,Medio,0.84,0.67,1
34,Masculino,8.14,18,Bajo,1.04,0.82,0
31,Masculino,9.62,12,Bajo,1.18,0.83,0
18,Masculino,9.99,20,Alto,1.68,0.15,0
26,Femenino,5.16,4,Alto,0.72,0.33,0
28,Femenino,6.18,12,Medio,0.87,0.49,0
33,Femenino,6.55,6,Medio,0.97,0.58,0
24,Femenino,7.0,18,Medio,0.8,0.39,0
27,Masculino,6.21,23,Medio,0.97,0.45,0
19,Femenino,6.02,8,Bajo,0.6,0.95,1
22,Masculino,9.77,11,Medio,1.2,0.52,0
25,Femenino,9.59,12,Medio,1.22,0.51,1
22,Masculino,5.23,4,Bajo,0.74,1.0,1
25,Masculino,6.69,21,Medio,0.91,0.4,1
23,Masculino,7.03,11,Medio,0.92,0.43,0
25,Femenino,6.2,11,Medio,0.83,0.43,1
34,Femenino,8.14,15,Medio,0.98,0.37,0
28,Femenino,8.2,13,Alto,0.93,0.11,0
24,Femenino,9.25,16,Bajo,1.32,0.78,1
24,Femenino,8.7,11,Medio,1.24,0.46,0
34,Femenino,7.71,11,Medio,1.19,0.47,0
31,Femenino,8.27,20,Medio,1.02,0.39,1
23,Masculino,6.37,2,Bajo,0.91,1.0,0
27,Femenino,7.97,25,Bajo,1.03,0.75,0
32,Femenino,7.45,11,Alto,1.11,0.2,0
20,Femenino,5.67,3,Medio,0.83,0.64,1
22,Masculino,6.21,18,Alto,0.85,0.09,1
19,Masculino,6.46,25,Medio,0.83,0.41,0
25,Masculino,9.62,8,Medio,1.41,0.57,0
26,Masculino,6.15,8,Medio,0.87,0.53,0
30,Femenino,6.45,21,Medio,0.8,0.41,1
27,Masculino,6.85,10,Bajo,0.79,0.95,1
34,Femenino,8.32,23,Medio,1.08,0.43,0
28,Femenino,5.59,3,Medio,0.86,0.63,0
28,Masculino,9.77,15,Bajo,1.45,0.81,0
29,Masculino,9.33,18,Bajo,1.11,0.77,1
29,Femenino,7.89,2,Bajo,0.93,1.0,1
35,Masculino,8.37,10,Alto,1.26,0.25,0
35,Masculino,5.08,21,Bajo,0.6,0.8,1
30,Femenino,6.69,22,Medio,0.94,0.44,0
20,Femenino,8.98,20,Medio,1.12,0.39,0
29,Femenino,5.39,5,Medio,0.83,0.65,1
24,Femenino,6.41,9,Medio,0.79,0.53,0
35,Femenino,7.93,14,Bajo,1.18,0.77,0
28,Femenino,6.28,5,Medio,0.85,0.61,0
34,Femenino,9.67,10,Medio,1.32,0.48,0
22,Masculino,5.66,10,Medio,0.61,0.45,0
34,Masculino,8.99,23,Bajo,0.93,0.83,1
35,Masculino,7.54,19,Alto,0.98,0.08,0
21,Femenino,8.75,13,Medio,1.2,0.47,1
25,Masculino,6.55,11,Alto,0.78,0.16,0
19,Masculino,7.57,12,Medio,0.9,0.43,1
26,Masculino,9.28,8,Medio,1.31,0.59,0
35,Femenino,7.33,10,Alto,1.03,0.19,0
19,Masculino,6.8,7,Alto,0.89,0.27,0
31,Femenino,7.68,20,Medio,1.1,0.41,1
17,Femenino,8.59,17,Bajo,1.01,0.81,0
23,Masculino,7.22,16,Bajo,0.93,0.84,1
28,Masculino,9.69,8,Bajo,1.5,0.96,0
33,Femenino,6.47,17,Bajo,0.87,0.79,0
21,Masculino,7.38,6,Bajo,1.0,1.0,1
20,Masculino,8.78,17,Alto,1.44,0.07,0
28,Femenino,8.45,2,Bajo,0.97,1.0,1
34,Masculino,9.32,20,Medio,1.34,0.45,0
33,Femenino,9.98,6,Bajo,1.55,0.99,0
35,Masculino,7.13,8,Bajo,0.92,0.97,1
25,Femenino,5.56,20,Bajo,0.81,0.82,1
20,Femenino,5.15,23,Bajo,0.62,0.83,1
18,Masculino,8.63,6,Medio,1.07,0.62,0
20,Masculino,9.37,18,Alto,1.3,0.08,0
18,Masculino,6.1,23,Bajo,0.88,0.77,1
31,Masculino,5.79,9,Medio,0.86,0.52,1
18,Masculino,5.31,2,Medio,0.82,0.68,1
20,Masculino,9.11,3,Alto,1.21,0.31,1
22,Masculino,6.56,16,Medio,0.98,0.35,0
23,Masculino,7.01,21,Medio,0.9,0.38,0
26,Femenino,7.51,19,Medio,1.09,0.45,0
35,Masculino,9.2,12,Medio,1.25,0.48,0
35,Femenino,8.25,11,Bajo,1.15,0.87,1
28,Masculino,8.08,25,Medio,1.12,0.37,0
19,Masculino,5.88,25,Alto,0.66,0.09,0
29,Masculino,7.57,5,Medio,0.9,0.57,0
34,Masculino,8.58,6,Medio,1.16,0.54,0
24,Masculino,9.87,5,Medio,1.09,0.64,0
31,Femenino,6.01,14,Bajo,0.87,0.87,1
17,Masculino,5.05,14,Medio,0.73,0.39,1
19,Femenino,5.38,19,Medio,0.74,0.36,0
24,Femenino,6.88,25,Medio,0.81,0.38,0
20,Femenino,9.1,3,Medio,1.38,0.64,1
32,Masculino,5.04,17,Alto,0.81,0.07,1
26,Femenino,7.28,2,Bajo,0.98,1.0,1
28,Masculino,6.65,20,Medio,0.93,0.37,0
30,Femenino,5.26,10,Medio,0.72,0.53,0
30,Femenino,7.25,4,Medio,1.02,0.64,0
18,Femenino,6.27,8,Bajo,0.83,0.95,0
21,Femenino,6.76,11,Medio,0.9,0.47,1
21,Masculino,8.53,2,Alto,1.24,0.4,0
22,Femenino,7.61,11,Medio,1.25,0.53,0
29,Femenino,5.62,22,Alto,0.64,0.07,1
25,Femenino,9.81,10,Alto,1.29,0.17,0
31,Femenino,8.18,16,Bajo,0.96,0.8,0
30,Femenino,8.83,16,Bajo,1.36,0.76,0
23,Femenino,5.4,4,Alto,0.68,0.31,1
18,Masculino,5.24,6,Alto,0.6,0.29,1
23,Masculino,5.1,10,Bajo,0.72,0.9,0
22,Masculino,5.94,23,Bajo,0.93,0.78,1
33,Masculino,7.07,10,Bajo,1.01,0.9,0
18,Femenino,9.68,24,Alto,1.32,0.15,1
19,Femenino,7.29,8,Bajo,1.01,0.91,0
21,Masculino,6.45,25,Medio,0.98,0.42,0
21,Femenino,7.81,24,Medio,0.95,0.35,1
17,Masculino,5.56,13,Bajo,0.73,0.8,1
24,Femenino,8.05,10,Medio,1.02,0.51,0
28,Femenino,7.84,7,Bajo,0.92,0.92,1
20,Femenino,8.96,24,Alto,1.16,0.05,0
29,Masculino,9.93,3,Bajo,1.47,1.0,0
31,Masculino,6.25,10,Medio,0.88,0.51,1
27,Masculino,7.55,18,Medio,1.07,0.42,0
26,Femenino,9.54,2,Bajo,1.29,1.0,1
19,Femenino,8.93,20,Bajo,1.25,0.82,1
30,Femenino,7.44,7,Medio,0.91,0.53,0
32,Femenino,9.73,6,Bajo,1.26,0.99,0
26,Masculino,5.29,3,Medio,0.72,0.63,1
26,Femenino,9.65,10,Medio,1.32,0.52,0
28,Masculino,5.25,15,Medio,0.72,0.45,1
25,Masculino,7.74,5,Medio,1.02,0.64,1
17,Femenino,9.45,5,Medio,1.21,0.55,1
21,Masculino,6.31,22,Medio,1.11,0.44,1
24,Femenino,7.36,16,Medio,1.07,0.36,0
27,Femenino,6.62,9,Bajo,0.92,0.97,0
28,Femenino,9.76,5,Bajo,1.27,0.98,0
17,Masculino,9.12,17,Medio,1.16,0.39,0
27,Femenino,8.55,22,Medio,1.13,0.36,0
21,Masculino,7.94,5,Medio,1.09,0.56,0
31,Masculino,9.1,17,Bajo,0.99,0.82,0
21,Femenino,6.96,23,Medio,0.78,0.44,0
28,Masculino,7.24,13,Bajo,0.9,0.85,0
21,Masculino,8.65,17,Bajo,1.18,0.82,0
33,Femenino,6.79,20,Medio,0.88,0.43,0
33,Femenino,5.32,9,Bajo,0.81,0.9,1
28,Masculino,5.37,7,Medio,0.61,0.51,0
31,Femenino,5.58,11,Bajo,0.69,0.83,0
31,Masculino,9.35,6,Medio,1.44,0.57,0
22,Femenino,7.36,19,Medio,0.99,0.37,0
28,Femenino,8.56,11,Bajo,1.24,0.84,0
34,Femenino,6.96,11,Bajo,1.12,0.85,1
30,Femenino,6.29,8,Alto,0.78,0.2,0
18,Masculino,6.74,19,Medio,0.89,0.44,0
25,Femenino,8.97,2,Medio,1.16,0.62,0
21,Masculino,8.13,8,Bajo,0.87,0.94,0
17,Masculino,9.69,22,Medio,1.25,0.41,0
19,Masculino,8.4,2,Medio,1.22,0.66,0
22,Masculino,7.85,16,Medio,1.1,0.36,0
21,Femenino,8.05,5,Medio,1.14,0.58,1
21,Femenino,9.71,21,Bajo,1.25,0.76,1
17,Masculino,8.94,11,Bajo,1.11,0.87,1
33,Femenino,5.12,24,Medio,0.77,0.37,1
35,Masculino,7.67,10,Alto,0.97,0.21,0
30,Femenino,8.44,3,Bajo,1.16,1.0,0
28,Masculino,8.74,15,Medio,1.18,0.4,0
26,Masculino,6.07,17,Bajo,0.93,0.79,1
34,Masculino,9.34,2,Bajo,1.37,1.0,0
27,Masculino,9.78,3,Bajo,1.14,1.0,1
18,Masculino,6.18,8,Bajo,0.73,0.91,0
34,Masculino,9.41,11,Medio,1.33,0.5,0
23,Masculino,5.48,23,Medio,0.73,0.43,1
31,Femenino,5.28,21,Bajo,0.67,0.79,1
27,Femenino,5.65,2,Bajo,0.83,1.0,1
34,Femenino,5.29,14,Medio,0.72,0.42,1
28,Masculino,9.23,2,Bajo,1.24,1.0,1
22,Femenino,5.3,6,Medio,0.76,0.53,1
29,Masculino,6.36,17,Bajo,0.82,0.76,1
32,Masculino,5.52,16,Medio,0.85,0.37,0
34,Masculino,6.48,18,Bajo,0.8,0.8,1
26,Masculino,5.45,24,Bajo,0.77,0.83,1
24,Femenino,8.34,17,Bajo,1.27,0.77,0
34,Masculino,5.67,14,Bajo,0.65,0.86,1
17,Masculino,9.26,12,Medio,1.19,0.51,0
24,Femenino,9.09,18,Medio,1.35,0.45,0
22,Femenino,5.07,18,Bajo,0.75,0.83,0
21,Masculino,9.48,3,Bajo,1.24,1.0,1
31,Masculino,5.14,14,Medio,0.63,0.38,1
31,Femenino,6.2,15,Medio,0.91,0.41,1
18,Masculino,5.16,12,Alto,0.77,0.17,1
17,Masculino,6.68,11,Medio,0.79,0.51,0
27,Femenino,7.57,4,Medio,0.89,0.67,0
26,Masculino,8.98,18,Medio,1.22,0.4,0
34,Masculino,6.69,16,Alto,0.95,0.08,0
34,Masculino,8.53,10,Medio,1.1,0.47,0
33,Masculino,5.94,11,Bajo,0.85,0.83,1
24,Femenino,8.75,9,Bajo,1.08,0.92,0
31,Femenino,6.18,22,Bajo,0.65,0.81,1
24,Femenino,5.72,14,Medio,0.73,0.45,1
33,Femenino,5.93,19,Medio,0.8,0.4,1
28,Femenino,5.91,6,Medio,0.77,0.62,1
24,Masculino,7.56,7,Bajo,0.89,0.97,0
30,Masculino,9.22,18,Medio,1.01,0.43,0
20,Masculino,5.4,12,Medio,0.68,0.42,1
17,Masculino,8.53,21,Bajo,1.24,0.84,1
17,Masculino,8.27,17,Medio,1.24,0.42,0
35,Femenino,9.36,10,Medio,1.4,0.47,0
32,Femenino,6.22,3,Alto,0.76,0.31,0
30,Femenino,7.25,6,Medio,0.86,0.62,1
32,Masculino,9.63,2,Medio,1.35,0.61,0
21,Femenino,8.3,5,Medio,1.18,0.6,0
25,Masculino,6.94,5,Alto,0.96,0.28,0
18,Femenino,5.66,23,Medio,0.6,0.42,1
34,Masculino,6.31,4,Bajo,0.77,1.0,1
22,Masculino,7.91,10,Medio,1.05,0.49,0
25,Masculino,8.59,23,Bajo,1.2,0.79,0
17,Masculino,5.62,24,Bajo,0.81,0.85,0
25,Masculino,8.0,13,Alto,1.08,0.17,0
32,Masculino,7.75,11,Medio,1.07,0.52,0
29,Masculino,7.57,3,Medio,1.02,0.63,1
25,Masculino,8.45,12,Bajo,1.2,0.83,1
29,Masculino,9.19,11,Bajo,1.26,0.87,1
25,Femenino,6.61,23,Bajo,0.89,0.82,1
27,Femenino,9.45,7,Bajo,1.23,0.92,0
20,Masculino,5.8,19,Medio,0.78,0.38,0
18,Femenino,5.87,3,Bajo,0.82,0.99,1
22,Femenino,6.33,3,Medio,0.87,0.63,1
30,Masculino,5.6,11,Bajo,0.78,0.91,0
20,Masculino,6.15,17,Alto,0.93,0.05,1
22,Masculino,5.53,13,Bajo,0.76,0.86,1
35,Femenino,9.11,2,Bajo,1.14,1.0,1
22,Femenino,5.69,22,Bajo,0.83,0.77,1
18,Femenino,8.74,9,Medio,1.01,0.54,0
34,Femenino,5.24,17,Medio,0.62,0.45,1
29,Femenino,9.74,19,Medio,1.34,0.45,1
25,Femenino,8.56,14,Medio,1.2,0.39,0
35,Masculino,5.03,16,Bajo,0.59,0.76,1
29,Masculino,8.82,22,Medio,1.13,0.36,0
27,Femenino,7.57,13,Medio,0.95,0.46,0
17,Femenino,8.9,9,Bajo,1.13,0.94,1
23,Femenino,7.61,11,Bajo,1.11,0.9,1
31,Femenino,8.21,15,Bajo,1.17,0.78,0
17,Masculino,8.93,6,Bajo,1.19,0.95,1
28,Femenino,7.03,19,Medio,0.89,0.41,0
23,Femenino,5.01,20,Bajo,0.58,0.8,1
31,Femenino,9.25,16,Bajo,1.41,0.82,1
35,Femenino,6.9,7,Bajo,0.97,0.95,0
17,Masculino,7.48,12,Alto,0.93,0.14,0
33,Masculino,5.04,22,Alto,0.72,0.08,0
33,Masculino,7.46,12,Bajo,0.99,0.83,0
19,Femenino,9.93,21,Bajo,1.29,0.78,0
28,Masculino,6.39,21,Bajo,0.89,0.76,1
22,Masculino,6.98,22,Medio,0.86,0.38,0
27,Masculino,8.44,19,Bajo,1.09,0.75,0
19,Femenino,9.07,19,Medio,1.22,0.37,0
24,Femenino,7.09,11,Medio,0.9,0.5,0
30,Masculino,6.55,3,Alto,0.93,0.32,0
30,Masculino,9.69,10,Bajo,1.53,0.92,0
26,Femenino,8.39,15,Medio,1.03,0.42,0
18,Femenino,5.6,20,Medio,0.62,0.41,0
30,Femenino,5.34,11,Bajo,0.57,0.93,1
25,Masculino,7.42,24,Bajo,0.97,0.75,1
19,Femenino,6.1,5,Bajo,0.76,1.0,1
24,Masculino,6.27,7,Bajo,0.85,1.0,1
32,Femenino,9.39,15,Bajo,1.27,0.84,1
18,Masculino,5.45,5,Medio,0.61,0.57,1
22,Masculino,8.58,16,Medio,0.94,0.38,0
28,Femenino,6.36,17,Alto,0.87,0.07,1
21,Masculino,8.8,8,Bajo,1.19,0.95,0
18,Femenino,8.61,18,Alto,1.1,0.12,0
32,Masculino,5.04,20,Bajo,0.56,0.78,1
21,Masculino,7.55,20,Medio,1.05,0.4,0
31,Femenino,5.7,18,Bajo,0.86,0.82,1
28,Masculino,9.33,7,Bajo,1.28,0.95,1
20,Masculino,9.36,12,Alto,1.14,0.2,0
31,Femenino,7.09,17,Bajo,0.95,0.83,0
27,Masculino,7.22,9,Medio,0.83,0.48,0
32,Masculino,6.52,12,Medio,0.96,0.47,0
22,Masculino,8.58,8,Medio,1.15,0.51,0
30,Femenino,6.79,25,Medio,0.75,0.41,0
34,Femenino,6.34,23,Medio,0.82,0.45,0
28,Femenino,7.16,20,Bajo,1.0,0.84,0
27,Masculino,5.46,11,Medio,0.7,0.47,0
29,Femenino,8.73,10,Alto,1.13,0.18,0
27,Masculino,5.06,5,Bajo,0.59,0.97,0
32,Femenino,8.22,24,Bajo,1.16,0.8,1
31,Masculino,5.91,16,Medio,0.74,0.36,0
31,Femenino,6.16,14,Medio,0.64,0.42,0
20,Femenino,8.18,3,Medio,1.05,0.59,0
27,Femenino,9.96,3,Bajo,1.46,1.0,1
35,Femenino,8.89,17,Medio,1.14,0.37,0
31,Masculino,6.13,10,Bajo,0.96,0.95,0
20,Masculino,5.88,14,Medio,0.82,0.44,1
29,Masculino,9.33,4,Medio,1.29,0.6,0
35,Masculino,7.22,10,Bajo,0.95,0.86,1
18,Masculino,5.69,14,Medio,0.75,0.42,0
30,Masculino,9.31,22,Alto,1.21,0.07,0
20,Masculino,9.08,23,Medio,1.17,0.4,0
32,Masculino,9.92,3,Medio,1.39,0.67,0
30,Femenino,9.55,9,Medio,1.15,0.53,0
31,Masculino,9.26,10,Medio,1.1,0.51,1
19,Femenino,5.26,17,Bajo,0.62,0.8,1
24,Masculino,5.52,3,Bajo,0.89,1.0,0
32,Masculino,7.84,7,Bajo,1.1,1.0,0
26,Femenino,7.66,23,Medio,1.05,0.4,1
20,Femenino,7.29,9,Medio,0.87,0.5,0
34,Masculino,6.98,6,Bajo,0.99,0.98,0
18,Masculino,7.16,10,Medio,0.94,0.47,0
33,Femenino,7.85,2,Medio,1.07,0.67,1
29,Masculino,5.01,10,Medio,0.6,0.5,1
20,Masculino,6.3,11,Bajo,0.85,0.84,0
27,Femenino,7.59,24,Medio,0.97,0.37,1
23,Masculino,8.61,5,Bajo,1.06,1.0,1
28,Masculino,5.87,4,Bajo,0.84,1.0,1
26,Femenino,7.73,11,Alto,0.87,0.19,0
23,Masculino,8.57,16,Bajo,1.21,0.82,0
29,Masculino,7.22,12,Bajo,1.03,0.84,0
23,Femenino,5.14,15,Alto,0.63,0.11,1
33,Femenino,7.25,7,Bajo,0.89,0.95,0
26,Femenino,6.48,13,Medio,0.84,0.46,1
26,Masculino,9.65,14,Bajo,1.32,0.78,0
20,Masculino,5.62,18,Bajo,0.74,0.8,1
20,Masculino,8.26,17,Bajo,1.15,0.78,1
23,Masculino,5.26,4,Bajo,0.82,1.0,0
17,Masculino,7.23,3,Medio,0.92,0.69,0
28,Femenino,7.77,12,Medio,0.86,0.43,1
29,Femenino,6.49,10,Medio,0.94,0.48,0
26,Femenino,7.28,4,Alto,1.13,0.32,0
31,Femenino,5.82,19,Bajo,0.81,0.84,1
29,Masculino,6.52,21,Medio,0.77,0.39,0
25,Masculino,8.11,16,Medio,1.07,0.42,0
25,Femenino,6.51,15,Alto,0.77,0.14,1
31,Masculino,9.5,3,Bajo,1.35,1.0,1
26,Masculino,8.14,18,Medio,0.94,0.39,0
26,Femenino,7.19,23,Alto,0.93,0.09,1
24,Femenino,5.19,9,Bajo,0.62,0.95,1
32,Femenino,7.5,11,Alto,1.01,0.13,0
33,Femenino,8.82,19,Bajo,1.13,0.78,1
21,Masculino,6.33,20,Medio,0.86,0.42,1
20,Femenino,9.03,9,Alto,1.21,0.23,0
34,Femenino,6.26,9,Medio,0.75,0.51,0
35,Masculino,9.12,4,Medio,1.29,0.62,0
20,Masculino,5.43,4,Bajo,0.72,0.99,1
23,Femenino,9.33,13,Alto,1.12,0.13,0
26,Femenino,7.5,23,Medio,1.22,0.4,0
34,Femenino,6.48,18,Bajo,0.91,0.84,1
35,Femenino,6.33,5,Medio,0.83,0.58,1
20,Femenino,7.16,18,Medio,1.09,0.44,0
26,Masculino,10.0,15,Bajo,1.58,0.81,0
17,Femenino,6.1,20,Bajo,0.8,0.75,1
34,Femenino,5.52,10,Bajo,0.76,0.92,1
21,Masculino,7.93,22,Medio,0.95,0.35,0
31,Femenino,7.44,13,Medio,0.98,0.49,0
33,Femenino,7.62,6,Medio,1.0,0.62,0
19,Femenino,8.33,12,Medio,1.13,0.44,0
28,Masculino,6.34,21,Alto,0.87,0.08,0
18,Femenino,9.55,4,Medio,1.34,0.61,1
17,Masculino,7.18,22,Bajo,0.98,0.79,1
33,Masculino,5.65,16,Medio,0.66,0.39,1
32,Femenino,8.71,15,Medio,1.05,0.38,0
21,Masculino,8.22,12,Medio,1.04,0.47,1
31,Femenino,6.58,21,Medio,0.85,0.37,0
19,Femenino,8.11,9,Bajo,1.19,0.95,0
23,Masculino,6.1,5,Alto,0.72,0.33,1
27,Masculino,7.22,13,Bajo,0.93,0.84,0
26,Masculino,9.5,9,Medio,1.39,0.56,0
25,Femenino,5.67,7,Bajo,0.73,0.93,1
30,Femenino,6.93,16,Alto,0.97,0.05,0
29,Masculino,9.11,13,Bajo,1.2,0.85,0
18,Femenino,9.85,17,Bajo,1.35,0.8,1
19,Femenino,7.27,17,Bajo,0.95,0.81,0
23,Femenino,7.53,22,Bajo,1.07,0.84,0
34,Femenino,7.86,21,Bajo,0.89,0.85,0
19,Masculino,9.66,21,Medio,1.24,0.41,0
26,Femenino,9.29,5,Medio,1.28,0.63,1
23,Masculino,5.85,12,Bajo,0.82,0.82,0
25,Femenino,7.18,14,Bajo,1.1,0.79,1
33,Masculino,7.32,10,Medio,0.94,0.52,1
27,Femenino,8.95,5,Medio,1.37,0.59,0
23,Femenino,8.01,13,Medio,1.0,0.43,0
30,Femenino,8.27,10,Medio,1.25,0.48,0
35,Femenino,9.99,14,Bajo,1.44,0.83,1
20,Masculino,5.37,17,Bajo,0.65,0.77,1
22,Otro,6.12,7,Bajo,0.84,0.97,1
26,Masculino,7.04,11,Medio,0.93,0.45,0
23,Femenino,6.74,14,Alto,0.95,0.08,0
29,Femenino,5.11,8,Medio,0.67,0.52,0
30,Femenino,5.46,20,Bajo,0.71,0.77,1
20,Masculino,8.4,25,Bajo,1.27,0.84,0
24,Masculino,9.4,20,Bajo,1.24,0.76,0
21,Masculino,7.57,18,Medio,1.09,0.37,0
17,Femenino,7.7,14,Bajo,1.0,0.82,1
20,Masculino,6.28,14,Alto,0.98,0.12,0
19,Femenino,8.84,22,Bajo,1.1,0.75,0
25,Masculino,8.76,3,Alto,1.1,0.29,0
24,Masculino,7.94,11,Medio,1.22,0.53,0
17,Masculino,6.06,23,Medio,0.77,0.42,1
22,Masculino,5.49,14,Medio,0.85,0.41,0
25,Femenino,5.32,10,Medio,0.77,0.5,1
23,Masculino,7.96,2,Medio,1.04,0.64,0
20,Femenino,9.13,15,Medio,1.0,0.38,0
29,Masculino,9.29,17,Medio,1.24,0.41,0
33,Femenino,7.32,21,Alto,0.99,0.14,0
18,Femenino,8.92,16,Medio,1.33,0.37,0
21,Masculino,9.73,2,Medio,1.5,0.69,0
28,Masculino,6.38,18,Alto,0.79,0.06,0
24,Masculino,6.99,25,Bajo,1.01,0.77,0
22,Femenino,9.66,14,Bajo,1.39,0.77,0
24,Masculino,6.69,16,Medio,0.99,0.36,0
34,Femenino,9.57,17,Medio,1.34,0.44,0
19,Masculino,9.91,17,Medio,1.06,0.4,0
28,Femenino,8.31,3,Medio,1.09,0.6,1
19,Masculino,9.08,18,Medio,1.07,0.45,0
22,Masculino,8.75,12,Medio,1.14,0.5,0
18,Masculino,8.5,9,Bajo,1.24,0.95,1
28,Femenino,6.53,21,Medio,0.9,0.44,0
18,Femenino,5.29,4,Medio,0.79,0.59,1
22,Masculino,6.72,13,Bajo,0.93,0.87,1
33,Femenino,8.33,21,Medio,0.97,0.42,0
19,Masculino,5.51,17,Medio,0.55,0.44,0
18,Femenino,5.06,15,Bajo,0.68,0.83,1
24,Femenino,5.7,17,Bajo,0.74,0.78,1
28,Masculino,8.58,22,Alto,1.03,0.13,1
20,Masculino,9.86,18,Bajo,1.09,0.78,0
21,Masculino,9.92,12,Bajo,1.23,0.84,1
29,Masculino,7.47,18,Bajo,0.98,0.76,0
31,Femenino,9.35,20,Medio,1.33,0.44,0
32,Masculino,8.68,23,Medio,1.18,0.38,0
26,Femenino,7.51,2,Medio,1.16,0.66,0
32,Masculino,7.86,13,Bajo,0.94,0.83,0
28,Masculino,5.69,16,Alto,0.83,0.15,1
33,Femenino,9.69,19,Bajo,1.3,0.78,0
32,Masculino,6.76,24,Bajo,0.96,0.83,1
28,Masculino,7.23,15,Medio,0.92,0.44,0
24,Femenino,8.36,2,Bajo,1.23,1.0,1
19,Masculino,6.67,14,Alto,0.92,0.11,0
32,Femenino,6.27,16,Alto,0.78,0.12,1
29,Femenino,8.16,8,Bajo,1.09,0.98,0
35,Masculino,5.12,16,Alto,0.67,0.13,0
24,Masculino,8.6,21,Medio,1.2,0.37,0
21,Masculino,7.57,11,Alto,0.89,0.22,0
24,Masculino,8.03,15,Bajo,1.07,0.79,0
28,Masculino,8.16,7,Medio,1.13,0.57,0
17,Masculino,7.64,15,Bajo,1.02,0.83,0
22,Femenino,7.91,25,Medio,1.2,0.37,0
34,Femenino,8.42,23,Bajo,1.21,0.83,0
24,Femenino,8.77,13,Medio,1.17,0.45,0
23,Femenino,8.64,12,Bajo,1.18,0.9,0
17,Masculino,9.35,21,Bajo,1.28,0.77,0
32,Femenino,5.95,23,Medio,0.83,0.39,1
28,Femenino,7.01,25,Alto,0.76,0.13,0
22,Femenino,9.74,20,Medio,1.26,0.35,0
18,Masculino,6.98,3,Alto,0.79,0.3,1
30,Masculino,5.62,23,Bajo,0.85,0.85,1
20,Masculino,7.63,21,Medio,1.01,0.38,0
17,Masculino,5.55,2,Medio,0.73,0.71,1
34,Masculino,6.01,9,Bajo,0.87,0.89,0
29,Masculino,9.99,15,Medio,1.39,0.39,0
18,Femenino,7.71,10,Medio,0.91,0.53,0
25,Masculino,6.42,3,Medio,0.85,0.66,0
18,Masculino,9.97,24,Medio,1.28,0.41,0
25,Masculino,9.83,6,Medio,1.08,0.58,0
17,Masculino,7.2,24,Bajo,0.89,0.83,0
27,Femenino,6.3,9,Bajo,0.82,0.89,1
19,Masculino,9.19,17,Medio,1.21,0.39,0
20,Masculino,8.58,23,Bajo,0.97,0.77,1
34,Femenino,8.43,17,Bajo,1.25,0.81,0
22,Masculino,9.47,14,Medio,1.25,0.4,0
19,Femenino,8.45,21,Medio,1.13,0.38,1
27,Masculino,6.42,16,Bajo,0.89,0.8,1
31,Masculino,8.47,2,Medio,1.04,0.61,1
21,Femenino,6.53,23,Medio,0.91,0.36,0
26,Masculino,8.8,4,Bajo,1.13,1.0,1
28,Femenino,8.1,7,Medio,0.98,0.55,0
31,Masculino,5.39,23,Medio,0.76,0.44,1
33,Femenino,7.56,15,Medio,1.16,0.42,0
26,Masculino,6.72,5,Medio,0.96,0.55,1
22,Femenino,6.64,19,Bajo,0.97,0.81,0
34,Masculino,8.01,16,Medio,1.01,0.36,0
29,Femenino,6.61,10,Bajo,0.74,0.93,0
19,Masculino,8.88,19,Alto,1.36,0.15,0
26,Masculino,5.35,4,Medio,0.86,0.62,0
30,Otro,8.3,11,Medio,1.28,0.5,1
22,Masculino,9.05,18,Bajo,1.17,0.77,1
19,Masculino,8.36,8,Bajo,0.99,0.93,0
32,Femenino,7.49,16,Bajo,0.89,0.84,0
23,Femenino,9.75,2,Medio,1.08,0.63,1
30,Femenino,6.5,12,Bajo,0.86,0.84,0
25,Masculino,5.1,18,Medio,0.79,0.39,1
31,Masculino,7.16,6,Bajo,0.94,1.0,1
19,Femenino,5.17,8,Alto,0.71,0.23,0
18,Masculino,9.77,20,Bajo,1.48,0.84,0
18,Masculino,6.05,25,Alto,0.77,0.06,1
19,Masculino,8.94,16,Alto,1.43,0.09,1
34,Femenino,8.87,4,Medio,1.42,0.64,0
30,Femenino,6.09,16,Medio,0.8,0.37,0
34,Masculino,8.11,6,Medio,1.02,0.6,0
26,Masculino,5.24,24,Medio,0.75,0.37,1
18,Femenino,7.42,13,Bajo,0.95,0.8,0
17,Masculino,5.07,21,Bajo,0.6,0.76,1
20,Masculino,9.61,6,Medio,1.45,0.62,0
30,Masculino,9.88,4,Medio,1.48,0.63,0
17,Masculino,6.11,10,Medio,0.83,0.53,1
30,Femenino,6.04,10,Bajo,0.7,0.88,1
32,Femenino,8.77,8,Bajo,1.03,0.95,1
30,Masculino,6.27,3,Bajo,0.84,1.0,1
19,Femenino,9.48,24,Bajo,1.2,0.84,0
